# Day of week,Month,Reason_1,Reason_2,Reason_3,Reason_4,Transportation Expense,Distance to Work,Age,Daily Work Load Average,Body Mass Index,Education,Children,Pets,Absenteeism Time in Hours
1.0,7.0,0.0,0.0,0.0,1.0,1.0,36.,33.,239,30.,1.0,2.0,1.0,4.0
1.0,7.0,0.0,0.0,0.0,0.0,1.0,13.,50.,239,31.,1.0,1.0,0.0,0.0
2.0,7.0,0.0,0.0,0.0,1.0,1.0,51.,38.,239,31.,1.0,0.0,0.0,2.0
3.0,7.0,1.0,0.0,0.0,0.0,1.0,5.0,39.,239,24.,1.0,2.0,0.0,4.0
3.0,7.0,0.0,0.0,0.0,1.0,1.0,36.,33.,239,30.,1.0,2.0,1.0,2.0
4.0,7.0,0.0,0.0,0.0,1.0,1.0,51.,38.,239,31.,1.0,0.0,0.0,2.0
4.0,7.0,0.0,0.0,0.0,1.0,1.0,52.,28.,239,27.,1.0,1.0,4.0,8.0
4.0,7.0,0.0,0.0,0.0,1.0,1.0,50.,36.,239,23.,1.0,4.0,0.0,4.0
7.0,7.0,0.0,0.0,1.0,0.0,1.0,12.,34.,239,25.,1.0,2.0,0.0,40.
7.0,7.0,0.0,0.0,0.0,1.0,1.0,11.,37.,239,29.,3.0,1.0,1.0,8.0
7.0,7.0,1.0,0.0,0.0,0.0,1.0,50.,36.,239,23.,1.0,4.0,0.0,8.0
1.0,7.0,1.0,0.0,0.0,0.0,1.0,50.,36.,239,23.,1.0,4.0,0.0,8.0
2.0,7.0,1.0,0.0,0.0,0.0,1.0,50.,36.,239,23.,1.0,4.0,0.0,8.0
2.0,7.0,1.0,0.0,0.0,0.0,1.0,51.,38.,239,31.,1.0,0.0,0.0,1.0
2.0,7.0,0.0,0.0,0.0,1.0,1.0,51.,38.,239,31.,1.0,0.0,0.0,4.0
4.0,7.0,1.0,0.0,0.0,0.0,1.0,25.,41.,239,23.,1.0,0.0,0.0,8.0
4.0,7.0,0.0,0.0,0.0,1.0,1.0,51.,38.,239,31.,1.0,0.0,0.0,2.0
7.0,7.0,0.0,0.0,1.0,0.0,1.0,51.,38.,239,31.,1.0,0.0,0.0,8.0
3.0,7.0,1.0,0.0,0.0,0.0,1.0,29.,33.,239,25.,1.0,2.0,2.0,8.0
6.0,8.0,0.0,0.0,0.0,1.0,1.0,25.,47.,205,32.,1.0,2.0,1.0,2.0
6.0,8.0,1.0,0.0,0.0,0.0,1.0,16.,28.,205,25.,2.0,0.0,0.0,8.0
4.0,8.0,1.0,0.0,0.0,0.0,1.0,51.,38.,205,31.,1.0,0.0,0.0,1.0
4.0,8.0,1.0,0.0,0.0,0.0,1.0,52.,28.,205,27.,1.0,1.0,4.0,40.
1.0,8.0,0.0,0.0,0.0,1.0,1.0,50.,36.,205,23.,1.0,4.0,0.0,4.0
4.0,8.0,0.0,0.0,1.0,0.0,1.0,36.,33.,205,30.,1.0,2.0,1.0,8.0
4.0,8.0,0.0,0.0,0.0,1.0,1.0,52.,28.,205,27.,1.0,1.0,4.0,7.0
5.0,8.0,0.0,0.0,0.0,1.0,1.0,36.,33.,205,30.,1.0,2.0,1.0,1.0
6.0,8.0,0.0,0.0,0.0,1.0,1.0,27.,29.,205,22.,1.0,0.0,0.0,4.0
6.0,8.0,0.0,0.0,1.0,0.0,1.0,36.,33.,205,30.,1.0,2.0,1.0,8.0
1.0,8.0,0.0,0.0,0.0,1.0,1.0,51.,38.,205,31.,1.0,0.0,0.0,2.0
4.0,8.0,0.0,0.0,1.0,0.0,1.0,51.,38.,205,31.,1.0,0.0,0.0,8.0
7.0,8.0,0.0,0.0,1.0,0.0,1.0,29.,48.,205,33.,1.0,1.0,5.0,8.0
7.0,8.0,0.0,0.0,0.0,1.0,1.0,11.,37.,205,29.,3.0,1.0,1.0,4.0
4.0,8.0,0.0,0.0,1.0,0.0,1.0,29.,48.,205,33.,1.0,1.0,5.0,8.0
4.0,8.0,0.0,0.0,0.0,1.0,1.0,51.,38.,205,31.,1.0,0.0,0.0,2.0
4.0,8.0,0.0,0.0,0.0,1.0,1.0,52.,28.,205,27.,1.0,1.0,4.0,1.0
5.0,8.0,0.0,0.0,0.0,1.0,1.0,36.,33.,205,30.,1.0,2.0,1.0,8.0
7.0,8.0,1.0,0.0,0.0,0.0,1.0,50.,32.,205,23.,1.0,0.0,0.0,4.0
1.0,8.0,0.0,0.0,0.0,1.0,1.0,29.,48.,205,33.,1.0,1.0,5.0,8.0
1.0,8.0,0.0,0.0,0.0,1.0,1.0,50.,36.,205,23.,1.0,4.0,0.0,4.0
2.0,9.0,0.0,0.0,0.0,1.0,1.0,42.,27.,241,21.,1.0,0.0,0.0,2.0
1.0,9.0,0.0,0.0,0.0,1.0,1.0,10.,37.,241,28.,1.0,0.0,0.0,4.0
2.0,9.0,0.0,0.0,0.0,1.0,1.0,51.,38.,241,31.,1.0,0.0,0.0,4.0
2.0,9.0,0.0,0.0,1.0,0.0,1.0,20.,43.,241,38.,1.0,1.0,0.0,8.0
3.0,9.0,0.0,0.0,0.0,1.0,1.0,12.,34.,241,25.,1.0,2.0,0.0,2.0
7.0,9.0,0.0,0.0,0.0,1.0,1.0,10.,37.,241,28.,1.0,0.0,0.0,3.0
1.0,9.0,0.0,0.0,0.0,1.0,1.0,51.,38.,241,31.,1.0,0.0,0.0,3.0
4.0,9.0,0.0,0.0,0.0,1.0,1.0,31.,40.,241,25.,1.0,1.0,1.0,4.0
5.0,9.0,0.0,0.0,0.0,1.0,1.0,50.,36.,241,23.,1.0,4.0,0.0,8.0
1.0,9.0,1.0,0.0,0.0,0.0,1.0,31.,40.,241,25.,1.0,1.0,1.0,32.
1.0,9.0,0.0,0.0,0.0,0.0,1.0,50.,36.,241,23.,1.0,4.0,0.0,0.0
1.0,9.0,0.0,0.0,0.0,0.0,1.0,26.,28.,241,24.,1.0,1.0,2.0,0.0
2.0,9.0,0.0,0.0,0.0,1.0,1.0,26.,28.,241,24.,1.0,1.0,2.0,2.0
2.0,9.0,0.0,0.0,0.0,1.0,1.0,10.,37.,241,28.,1.0,0.0,0.0,2.0
2.0,9.0,0.0,0.0,0.0,0.0,1.0,36.,33.,241,30.,1.0,2.0,1.0,0.0
2.0,9.0,0.0,0.0,0.0,0.0,1.0,13.,50.,241,31.,1.0,1.0,0.0,0.0
3.0,9.0,0.0,0.0,1.0,0.0,1.0,26.,28.,241,24.,1.0,1.0,2.0,3.0
3.0,9.0,0.0,0.0,0.0,1.0,1.0,51.,38.,241,31.,1.0,0.0,0.0,3.0
3.0,9.0,0.0,0.0,0.0,0.0,1.0,17.,31.,241,25.,1.0,3.0,0.0,0.0
5.0,9.0,0.0,0.0,0.0,1.0,1.0,25.,47.,241,32.,1.0,2.0,1.0,1.0
5.0,9.0,0.0,0.0,0.0,1.0,1.0,51.,38.,241,31.,1.0,0.0,0.0,3.0
5.0,9.0,0.0,0.0,0.0,1.0,1.0,50.,36.,241,23.,1.0,4.0,0.0,4.0
7.0,10.,0.0,0.0,0.0,1.0,1.0,51.,38.,253,31.,1.0,0.0,0.0,3.0
7.0,10.,0.0,0.0,0.0,1.0,1.0,10.,37.,253,28.,1.0,0.0,0.0,3.0
1.0,10.,0.0,0.0,0.0,0.0,1.0,13.,50.,253,31.,1.0,1.0,0.0,0.0
2.0,10.,0.0,0.0,0.0,1.0,1.0,26.,30.,253,19.,3.0,0.0,0.0,1.0
3.0,10.,0.0,0.0,0.0,1.0,1.0,51.,38.,253,31.,1.0,0.0,0.0,3.0
3.0,10.,0.0,0.0,0.0,1.0,1.0,26.,28.,253,24.,1.0,1.0,2.0,3.0
7.0,10.,0.0,0.0,0.0,1.0,1.0,10.,37.,253,28.,1.0,0.0,0.0,3.0
1.0,10.,0.0,0.0,0.0,1.0,1.0,26.,28.,253,24.,1.0,1.0,2.0,2.0
1.0,10.,0.0,0.0,0.0,1.0,1.0,25.,47.,253,32.,1.0,2.0,1.0,2.0
2.0,10.,0.0,0.0,0.0,1.0,1.0,31.,40.,253,25.,1.0,1.0,1.0,5.0
1.0,10.,0.0,0.0,0.0,1.0,1.0,51.,38.,253,31.,1.0,0.0,0.0,8.0
1.0,10.,0.0,0.0,0.0,1.0,1.0,26.,28.,253,24.,1.0,1.0,2.0,3.0
2.0,10.,0.0,0.0,1.0,0.0,1.0,50.,36.,253,23.,1.0,4.0,0.0,16.
7.0,10.,1.0,0.0,0.0,0.0,1.0,31.,40.,253,25.,1.0,1.0,1.0,8.0
7.0,10.,0.0,0.0,0.0,1.0,1.0,26.,28.,253,24.,1.0,1.0,2.0,2.0
1.0,10.,0.0,0.0,0.0,1.0,1.0,36.,33.,253,30.,1.0,2.0,1.0,8.0
3.0,10.,0.0,0.0,0.0,1.0,1.0,52.,28.,253,27.,1.0,1.0,4.0,1.0
3.0,10.,0.0,0.0,0.0,1.0,1.0,50.,36.,253,23.,1.0,4.0,0.0,3.0
6.0,11.,0.0,0.0,0.0,1.0,1.0,51.,38.,306,31.,1.0,0.0,0.0,1.0
5.0,11.,0.0,0.0,0.0,1.0,1.0,26.,28.,306,24.,1.0,1.0,2.0,1.0
6.0,11.,1.0,0.0,0.0,0.0,1.0,51.,38.,306,31.,1.0,0.0,0.0,8.0
6.0,11.,0.0,0.0,1.0,0.0,1.0,22.,40.,306,22.,2.0,2.0,0.0,8.0
6.0,11.,0.0,0.0,0.0,1.0,1.0,31.,40.,306,25.,1.0,1.0,1.0,5.0
3.0,11.,1.0,0.0,0.0,0.0,1.0,12.,34.,306,25.,1.0,2.0,0.0,32.
3.0,11.,0.0,0.0,0.0,1.0,1.0,29.,33.,306,25.,1.0,2.0,2.0,8.0
3.0,11.,1.0,0.0,0.0,0.0,1.0,31.,40.,306,25.,1.0,1.0,1.0,40.
5.0,11.,0.0,0.0,0.0,1.0,1.0,26.,28.,306,24.,1.0,1.0,2.0,1.0
7.0,11.,1.0,0.0,0.0,0.0,1.0,12.,34.,306,25.,1.0,2.0,0.0,8.0
5.0,11.,0.0,0.0,0.0,1.0,1.0,26.,28.,306,24.,1.0,1.0,2.0,3.0
5.0,11.,0.0,0.0,1.0,0.0,1.0,22.,40.,306,22.,2.0,2.0,0.0,8.0
7.0,11.,1.0,0.0,0.0,0.0,1.0,26.,28.,306,24.,1.0,1.0,2.0,3.0
7.0,11.,0.0,0.0,0.0,1.0,1.0,50.,36.,306,23.,1.0,4.0,0.0,4.0
3.0,11.,0.0,0.0,0.0,1.0,1.0,25.,47.,306,32.,1.0,2.0,1.0,1.0
4.0,11.,0.0,0.0,0.0,1.0,1.0,26.,28.,306,24.,1.0,1.0,2.0,3.0
5.0,11.,1.0,0.0,0.0,0.0,1.0,36.,33.,306,30.,1.0,2.0,1.0,24.
6.0,11.,0.0,0.0,0.0,1.0,1.0,31.,40.,306,25.,1.0,1.0,1.0,3.0
2.0,12.,0.0,0.0,0.0,1.0,1.0,25.,47.,261,32.,1.0,2.0,1.0,1.0
2.0,12.,0.0,0.0,1.0,0.0,1.0,10.,37.,261,28.,1.0,0.0,0.0,64.
3.0,12.,0.0,0.0,0.0,1.0,1.0,13.,50.,261,31.,1.0,1.0,0.0,2.0
3.0,12.,0.0,0.0,0.0,1.0,1.0,11.,37.,261,29.,3.0,1.0,1.0,8.0
4.0,12.,0.0,0.0,0.0,1.0,1.0,26.,28.,261,24.,1.0,1.0,2.0,2.0
5.0,12.,0.0,0.0,0.0,1.0,1.0,50.,36.,261,23.,1.0,4.0,0.0,8.0
2.0,12.,0.0,0.0,1.0,0.0,1.0,10.,37.,261,28.,1.0,0.0,0.0,56.
3.0,12.,0.0,0.0,0.0,1.0,1.0,52.,28.,261,27.,1.0,1.0,4.0,8.0
4.0,12.,0.0,0.0,0.0,1.0,1.0,26.,28.,261,24.,1.0,1.0,2.0,3.0
5.0,12.,0.0,0.0,0.0,1.0,1.0,50.,36.,261,23.,1.0,4.0,0.0,3.0
2.0,12.,0.0,0.0,0.0,1.0,1.0,26.,28.,261,24.,1.0,1.0,2.0,2.0
3.0,12.,0.0,0.0,0.0,1.0,1.0,52.,28.,261,27.,1.0,1.0,4.0,8.0
5.0,12.,0.0,0.0,0.0,1.0,1.0,10.,37.,261,28.,1.0,0.0,0.0,2.0
5.0,12.,0.0,0.0,1.0,0.0,1.0,25.,41.,261,23.,1.0,0.0,0.0,8.0
5.0,12.,0.0,0.0,0.0,1.0,1.0,26.,28.,261,24.,1.0,1.0,2.0,2.0
7.0,1.0,0.0,0.0,0.0,1.0,1.0,26.,28.,308,24.,1.0,1.0,2.0,1.0
5.0,1.0,0.0,0.0,1.0,0.0,1.0,10.,37.,308,28.,1.0,0.0,0.0,1.0
6.0,1.0,0.0,0.0,0.0,1.0,1.0,10.,37.,308,28.,1.0,0.0,0.0,1.0
6.0,1.0,0.0,0.0,1.0,0.0,1.0,12.,34.,308,25.,1.0,2.0,0.0,8.0
7.0,1.0,0.0,0.0,0.0,1.0,1.0,26.,28.,308,24.,1.0,1.0,2.0,2.0
1.0,1.0,0.0,0.0,0.0,1.0,1.0,42.,27.,308,21.,1.0,0.0,0.0,2.0
1.0,1.0,0.0,0.0,0.0,1.0,1.0,26.,28.,308,24.,1.0,1.0,2.0,2.0
2.0,1.0,0.0,0.0,0.0,1.0,1.0,26.,28.,308,24.,1.0,1.0,2.0,1.0
5.0,1.0,0.0,0.0,0.0,1.0,1.0,10.,37.,308,28.,1.0,0.0,0.0,2.0
6.0,1.0,0.0,0.0,0.0,1.0,1.0,26.,28.,308,24.,1.0,1.0,2.0,2.0
6.0,1.0,0.0,0.0,0.0,1.0,1.0,10.,37.,308,28.,1.0,0.0,0.0,2.0
7.0,1.0,0.0,0.0,0.0,1.0,1.0,10.,37.,308,28.,1.0,0.0,0.0,2.0
1.0,1.0,0.0,0.0,0.0,1.0,1.0,10.,37.,308,28.,1.0,0.0,0.0,2.0
2.0,1.0,0.0,0.0,0.0,1.0,1.0,10.,37.,308,28.,1.0,0.0,0.0,2.0
5.0,1.0,0.0,0.0,0.0,1.0,1.0,10.,37.,308,28.,1.0,0.0,0.0,2.0
6.0,1.0,0.0,0.0,0.0,1.0,1.0,10.,37.,308,28.,1.0,0.0,0.0,2.0
6.0,1.0,0.0,0.0,1.0,0.0,1.0,26.,30.,308,19.,3.0,0.0,0.0,8.0
6.0,1.0,0.0,0.0,1.0,0.0,1.0,36.,33.,308,30.,1.0,2.0,1.0,8.0
7.0,1.0,0.0,0.0,0.0,1.0,1.0,10.,37.,308,28.,1.0,0.0,0.0,2.0
1.0,1.0,0.0,0.0,0.0,1.0,1.0,42.,27.,308,21.,1.0,0.0,0.0,2.0
1.0,1.0,0.0,0.0,0.0,1.0,1.0,10.,37.,308,28.,1.0,0.0,0.0,2.0
5.0,1.0,0.0,0.0,0.0,1.0,1.0,10.,37.,308,28.,1.0,0.0,0.0,0.0
6.0,1.0,0.0,0.0,0.0,1.0,1.0,26.,28.,308,24.,1.0,1.0,2.0,1.0
1.0,1.0,0.0,0.0,0.0,1.0,1.0,36.,33.,308,30.,1.0,2.0,1.0,3.0
6.0,2.0,0.0,0.0,0.0,1.0,1.0,42.,27.,302,21.,1.0,0.0,0.0,1.0
4.0,2.0,1.0,0.0,0.0,0.0,1.0,25.,41.,302,23.,1.0,0.0,0.0,8.0
4.0,2.0,1.0,0.0,0.0,0.0,1.0,51.,38.,302,31.,1.0,0.0,0.0,8.0
5.0,2.0,0.0,0.0,0.0,1.0,1.0,12.,34.,302,25.,1.0,2.0,0.0,2.0
5.0,2.0,0.0,0.0,0.0,1.0,1.0,29.,33.,302,25.,1.0,2.0,2.0,8.0
6.0,2.0,0.0,0.0,0.0,1.0,1.0,50.,36.,302,23.,1.0,4.0,0.0,2.0
6.0,2.0,0.0,0.0,0.0,1.0,1.0,36.,33.,302,30.,1.0,2.0,1.0,8.0
2.0,2.0,1.0,0.0,0.0,0.0,1.0,15.,50.,302,24.,1.0,0.0,0.0,8.0
3.0,2.0,1.0,0.0,0.0,0.0,1.0,15.,50.,302,24.,1.0,0.0,0.0,8.0
2.0,2.0,0.0,0.0,0.0,1.0,1.0,26.,28.,302,24.,1.0,1.0,2.0,2.0
3.0,2.0,0.0,0.0,0.0,1.0,1.0,26.,28.,302,24.,1.0,1.0,2.0,2.0
3.0,2.0,0.0,0.0,0.0,1.0,1.0,26.,30.,302,19.,3.0,0.0,0.0,1.0
3.0,2.0,0.0,0.0,0.0,1.0,1.0,42.,27.,302,21.,1.0,0.0,0.0,8.0
5.0,2.0,0.0,0.0,0.0,1.0,1.0,26.,28.,302,24.,1.0,1.0,2.0,3.0
2.0,2.0,0.0,0.0,1.0,0.0,1.0,16.,28.,302,25.,2.0,0.0,0.0,8.0
3.0,2.0,0.0,0.0,0.0,1.0,1.0,16.,28.,302,25.,2.0,0.0,0.0,1.0
4.0,2.0,0.0,0.0,0.0,1.0,1.0,26.,28.,302,24.,1.0,1.0,2.0,1.0
5.0,2.0,0.0,0.0,1.0,0.0,1.0,29.,33.,302,25.,1.0,2.0,2.0,8.0
2.0,3.0,0.0,0.0,0.0,1.0,1.0,50.,32.,343,23.,1.0,0.0,0.0,2.0
2.0,3.0,0.0,0.0,1.0,0.0,1.0,50.,36.,343,23.,1.0,4.0,0.0,8.0
2.0,3.0,0.0,0.0,1.0,0.0,1.0,27.,29.,343,22.,1.0,0.0,0.0,3.0
2.0,3.0,0.0,1.0,0.0,0.0,1.0,22.,40.,343,22.,2.0,2.0,0.0,8.0
3.0,3.0,0.0,0.0,0.0,1.0,1.0,31.,40.,343,25.,1.0,1.0,1.0,8.0
3.0,3.0,1.0,0.0,0.0,0.0,1.0,50.,36.,343,23.,1.0,4.0,0.0,8.0
4.0,3.0,1.0,0.0,0.0,0.0,1.0,26.,30.,343,19.,3.0,0.0,0.0,8.0
5.0,3.0,1.0,0.0,0.0,0.0,1.0,25.,47.,343,32.,1.0,2.0,1.0,3.0
5.0,3.0,1.0,0.0,0.0,0.0,1.0,50.,36.,343,23.,1.0,4.0,0.0,40.
1.0,3.0,1.0,0.0,0.0,0.0,1.0,22.,40.,343,22.,2.0,2.0,0.0,40.
1.0,3.0,1.0,0.0,0.0,0.0,1.0,12.,34.,343,25.,1.0,2.0,0.0,16.
1.0,3.0,0.0,0.0,0.0,1.0,1.0,50.,36.,343,23.,1.0,4.0,0.0,16.
2.0,3.0,1.0,0.0,0.0,0.0,1.0,12.,34.,343,25.,1.0,2.0,0.0,8.0
4.0,3.0,1.0,0.0,0.0,0.0,1.0,36.,33.,343,30.,1.0,2.0,1.0,8.0
4.0,3.0,1.0,0.0,0.0,0.0,1.0,22.,40.,343,22.,2.0,2.0,0.0,8.0
5.0,3.0,0.0,0.0,0.0,1.0,1.0,50.,36.,343,23.,1.0,4.0,0.0,4.0
5.0,3.0,0.0,0.0,0.0,1.0,1.0,26.,28.,343,24.,1.0,1.0,2.0,1.0
1.0,3.0,1.0,0.0,0.0,0.0,1.0,5.0,39.,343,24.,1.0,2.0,0.0,8.0
2.0,3.0,1.0,0.0,0.0,0.0,1.0,51.,38.,343,31.,1.0,0.0,0.0,24.
3.0,3.0,0.0,0.0,0.0,1.0,1.0,26.,28.,343,24.,1.0,1.0,2.0,2.0
1.0,3.0,1.0,0.0,0.0,0.0,1.0,26.,28.,343,24.,1.0,1.0,2.0,8.0
1.0,3.0,1.0,0.0,0.0,0.0,1.0,26.,30.,343,19.,3.0,0.0,0.0,1.0
2.0,3.0,1.0,0.0,0.0,0.0,1.0,26.,28.,343,24.,1.0,1.0,2.0,8.0
3.0,3.0,1.0,0.0,0.0,0.0,1.0,26.,28.,343,24.,1.0,1.0,2.0,16.
3.0,3.0,1.0,0.0,0.0,0.0,1.0,51.,38.,343,31.,1.0,0.0,0.0,3.0
4.0,3.0,1.0,0.0,0.0,0.0,1.0,5.0,39.,343,24.,1.0,2.0,0.0,16.
5.0,3.0,0.0,0.0,0.0,1.0,1.0,26.,28.,343,24.,1.0,1.0,2.0,2.0
5.0,3.0,1.0,0.0,0.0,0.0,1.0,25.,47.,343,32.,1.0,2.0,1.0,3.0
1.0,3.0,0.0,0.0,0.0,1.0,1.0,26.,28.,343,24.,1.0,1.0,2.0,1.0
7.0,4.0,0.0,0.0,0.0,1.0,1.0,31.,40.,326,25.,1.0,1.0,1.0,1.0
7.0,4.0,0.0,0.0,0.0,1.0,1.0,26.,28.,326,24.,1.0,1.0,2.0,1.0
6.0,4.0,0.0,0.0,0.0,1.0,1.0,12.,34.,326,25.,1.0,2.0,0.0,1.0
7.0,4.0,1.0,0.0,0.0,0.0,1.0,25.,41.,326,23.,1.0,0.0,0.0,24.
1.0,4.0,0.0,0.0,0.0,1.0,1.0,12.,34.,326,25.,1.0,2.0,0.0,1.0
2.0,4.0,0.0,0.0,0.0,1.0,1.0,26.,28.,326,24.,1.0,1.0,2.0,2.0
2.0,4.0,0.0,0.0,0.0,1.0,1.0,50.,36.,326,23.,1.0,4.0,0.0,4.0
7.0,4.0,1.0,0.0,0.0,0.0,1.0,51.,38.,326,31.,1.0,0.0,0.0,24.
1.0,4.0,0.0,0.0,0.0,1.0,1.0,13.,50.,326,31.,1.0,1.0,0.0,1.0
2.0,4.0,0.0,0.0,0.0,1.0,1.0,31.,40.,326,25.,1.0,1.0,1.0,3.0
2.0,4.0,1.0,0.0,0.0,0.0,1.0,25.,41.,326,23.,1.0,0.0,0.0,8.0
2.0,4.0,0.0,0.0,0.0,1.0,1.0,31.,40.,326,25.,1.0,1.0,1.0,1.0
2.0,4.0,0.0,0.0,0.0,1.0,1.0,25.,47.,326,32.,1.0,2.0,1.0,8.0
2.0,4.0,0.0,0.0,1.0,0.0,1.0,50.,36.,326,23.,1.0,4.0,0.0,56.
6.0,4.0,0.0,0.0,1.0,0.0,1.0,36.,33.,326,30.,1.0,2.0,1.0,8.0
7.0,4.0,1.0,0.0,0.0,0.0,1.0,12.,34.,326,25.,1.0,2.0,0.0,24.
7.0,4.0,0.0,0.0,1.0,0.0,1.0,49.,36.,326,21.,1.0,2.0,4.0,8.0
1.0,4.0,1.0,0.0,0.0,0.0,1.0,36.,33.,326,30.,1.0,2.0,1.0,16.
2.0,4.0,1.0,0.0,0.0,0.0,1.0,11.,37.,326,29.,3.0,1.0,1.0,3.0
5.0,4.0,0.0,0.0,0.0,0.0,1.0,29.,48.,326,33.,1.0,1.0,5.0,0.0
5.0,5.0,1.0,0.0,0.0,0.0,1.0,36.,33.,378,30.,1.0,2.0,1.0,8.0
6.0,5.0,0.0,0.0,0.0,1.0,1.0,12.,34.,378,25.,1.0,2.0,0.0,2.0
3.0,5.0,0.0,0.0,0.0,1.0,1.0,12.,34.,378,25.,1.0,2.0,0.0,1.0
4.0,5.0,0.0,0.0,1.0,0.0,1.0,51.,38.,378,31.,1.0,0.0,0.0,8.0
4.0,5.0,0.0,0.0,1.0,0.0,1.0,26.,28.,378,24.,1.0,1.0,2.0,8.0
5.0,5.0,1.0,0.0,0.0,0.0,1.0,42.,27.,378,21.,1.0,0.0,0.0,4.0
3.0,5.0,0.0,0.0,0.0,1.0,1.0,12.,34.,378,25.,1.0,2.0,0.0,2.0
4.0,5.0,1.0,0.0,0.0,0.0,1.0,51.,38.,378,31.,1.0,0.0,0.0,1.0
5.0,5.0,1.0,0.0,0.0,0.0,1.0,36.,33.,378,30.,1.0,2.0,1.0,24.
5.0,5.0,0.0,0.0,0.0,0.0,1.0,5.0,39.,378,24.,1.0,2.0,0.0,0.0
5.0,5.0,0.0,0.0,0.0,0.0,1.0,16.,28.,378,25.,2.0,0.0,0.0,0.0
5.0,5.0,0.0,0.0,0.0,0.0,1.0,49.,36.,378,21.,1.0,2.0,4.0,0.0
5.0,5.0,0.0,0.0,0.0,0.0,1.0,15.,50.,378,24.,1.0,0.0,0.0,0.0
4.0,5.0,1.0,0.0,0.0,0.0,1.0,51.,38.,378,31.,1.0,0.0,0.0,1.0
5.0,5.0,1.0,0.0,0.0,0.0,1.0,13.,50.,378,31.,1.0,1.0,0.0,24.
7.0,5.0,0.0,0.0,0.0,1.0,1.0,52.,28.,378,27.,1.0,1.0,4.0,8.0
7.0,6.0,0.0,0.0,1.0,0.0,1.0,25.,41.,377,23.,1.0,0.0,0.0,8.0
7.0,6.0,0.0,0.0,0.0,1.0,1.0,52.,28.,377,27.,1.0,1.0,4.0,8.0
1.0,6.0,1.0,0.0,0.0,0.0,1.0,25.,41.,377,23.,1.0,0.0,0.0,24.
3.0,6.0,0.0,0.0,0.0,1.0,1.0,31.,40.,377,25.,1.0,1.0,1.0,4.0
4.0,6.0,1.0,0.0,0.0,0.0,1.0,25.,41.,377,23.,1.0,0.0,0.0,8.0
7.0,6.0,1.0,0.0,0.0,0.0,1.0,51.,38.,377,31.,1.0,0.0,0.0,8.0
7.0,6.0,0.0,0.0,0.0,1.0,1.0,12.,34.,377,25.,1.0,2.0,0.0,4.0
7.0,6.0,1.0,0.0,0.0,0.0,1.0,25.,41.,377,23.,1.0,0.0,0.0,8.0
2.0,6.0,1.0,0.0,0.0,0.0,1.0,13.,50.,377,31.,1.0,1.0,0.0,8.0
4.0,6.0,1.0,0.0,0.0,0.0,1.0,11.,37.,377,29.,3.0,1.0,1.0,16.
1.0,6.0,0.0,0.0,0.0,1.0,1.0,13.,50.,377,31.,1.0,1.0,0.0,1.0
2.0,6.0,1.0,0.0,0.0,0.0,1.0,13.,50.,377,31.,1.0,1.0,0.0,80.
3.0,6.0,0.0,0.0,0.0,1.0,1.0,49.,36.,377,21.,1.0,2.0,4.0,8.0
4.0,6.0,1.0,0.0,0.0,0.0,1.0,51.,38.,377,31.,1.0,0.0,0.0,2.0
7.0,6.0,0.0,0.0,0.0,1.0,1.0,48.,49.,377,36.,1.0,0.0,2.0,2.0
3.0,6.0,0.0,0.0,0.0,1.0,1.0,26.,28.,377,24.,1.0,1.0,2.0,2.0
6.0,7.0,0.0,0.0,1.0,0.0,1.0,12.,34.,275,25.,1.0,2.0,0.0,16.
7.0,7.0,1.0,0.0,0.0,0.0,1.0,13.,50.,275,31.,1.0,1.0,0.0,8.0
2.0,7.0,1.0,0.0,0.0,0.0,1.0,10.,37.,275,28.,1.0,0.0,0.0,8.0
2.0,7.0,0.0,0.0,0.0,1.0,1.0,10.,37.,275,28.,1.0,0.0,0.0,4.0
6.0,7.0,0.0,0.0,0.0,1.0,1.0,16.,28.,275,25.,2.0,0.0,0.0,8.0
1.0,7.0,0.0,0.0,1.0,0.0,1.0,26.,30.,275,19.,3.0,0.0,0.0,8.0
2.0,7.0,0.0,0.0,0.0,1.0,1.0,12.,34.,275,25.,1.0,2.0,0.0,2.0
5.0,7.0,1.0,0.0,0.0,0.0,1.0,16.,28.,275,25.,2.0,0.0,0.0,8.0
6.0,7.0,1.0,0.0,0.0,0.0,1.0,16.,28.,275,25.,2.0,0.0,0.0,8.0
5.0,7.0,0.0,0.0,0.0,1.0,1.0,27.,29.,275,22.,1.0,0.0,0.0,3.0
6.0,7.0,0.0,0.0,0.0,1.0,1.0,52.,28.,275,27.,1.0,1.0,4.0,8.0
7.0,7.0,0.0,0.0,0.0,1.0,1.0,36.,33.,275,30.,1.0,2.0,1.0,8.0
1.0,7.0,0.0,0.0,0.0,1.0,1.0,51.,38.,275,31.,1.0,0.0,0.0,8.0
5.0,7.0,0.0,0.0,1.0,0.0,1.0,36.,33.,275,30.,1.0,2.0,1.0,32.
1.0,7.0,0.0,0.0,1.0,0.0,1.0,36.,33.,275,30.,1.0,2.0,1.0,8.0
1.0,7.0,0.0,0.0,0.0,0.0,1.0,50.,36.,275,23.,1.0,4.0,0.0,0.0
5.0,8.0,0.0,0.0,1.0,0.0,1.0,36.,33.,265,30.,1.0,2.0,1.0,8.0
5.0,8.0,0.0,0.0,1.0,0.0,1.0,27.,29.,265,22.,1.0,0.0,0.0,3.0
1.0,8.0,0.0,0.0,0.0,1.0,1.0,36.,33.,265,30.,1.0,2.0,1.0,1.0
2.0,8.0,0.0,0.0,1.0,0.0,1.0,14.,58.,265,22.,1.0,2.0,1.0,8.0
4.0,8.0,1.0,0.0,0.0,0.0,1.0,26.,43.,265,25.,1.0,2.0,1.0,1.0
4.0,8.0,1.0,0.0,0.0,0.0,1.0,26.,43.,265,25.,1.0,2.0,1.0,2.0
5.0,8.0,0.0,0.0,0.0,1.0,1.0,50.,36.,265,23.,1.0,4.0,0.0,4.0
2.0,8.0,0.0,0.0,0.0,1.0,1.0,36.,33.,265,30.,1.0,2.0,1.0,4.0
3.0,8.0,0.0,0.0,0.0,1.0,1.0,25.,47.,265,32.,1.0,2.0,1.0,1.0
4.0,8.0,1.0,0.0,0.0,0.0,1.0,11.,33.,265,25.,2.0,0.0,0.0,8.0
4.0,8.0,0.0,0.0,0.0,1.0,1.0,26.,30.,265,19.,3.0,0.0,0.0,1.0
4.0,8.0,1.0,0.0,0.0,0.0,1.0,13.,50.,265,31.,1.0,1.0,0.0,3.0
1.0,8.0,0.0,0.0,0.0,1.0,1.0,25.,47.,265,32.,1.0,2.0,1.0,2.0
2.0,8.0,0.0,0.0,0.0,1.0,1.0,11.,37.,265,29.,3.0,1.0,1.0,1.0
4.0,8.0,0.0,0.0,0.0,1.0,1.0,13.,50.,265,31.,1.0,1.0,0.0,1.0
4.0,8.0,0.0,0.0,1.0,0.0,1.0,11.,37.,265,29.,3.0,1.0,1.0,8.0
2.0,8.0,1.0,0.0,0.0,0.0,1.0,52.,28.,265,27.,1.0,1.0,4.0,8.0
3.0,8.0,1.0,0.0,0.0,0.0,1.0,42.,27.,265,21.,1.0,0.0,0.0,8.0
6.0,9.0,1.0,0.0,0.0,0.0,1.0,51.,38.,294,31.,1.0,0.0,0.0,8.0
3.0,9.0,0.0,0.0,0.0,1.0,1.0,51.,38.,294,31.,1.0,0.0,0.0,3.0
1.0,9.0,0.0,0.0,1.0,0.0,1.0,36.,33.,294,30.,1.0,2.0,1.0,24.
2.0,9.0,0.0,0.0,0.0,0.0,1.0,20.,43.,294,38.,1.0,1.0,0.0,0.0
6.0,9.0,1.0,0.0,0.0,0.0,1.0,25.,41.,294,23.,1.0,0.0,0.0,16.
7.0,9.0,0.0,0.0,0.0,1.0,1.0,31.,40.,294,25.,1.0,1.0,1.0,3.0
7.0,9.0,0.0,0.0,0.0,0.0,1.0,35.,39.,294,35.,1.0,2.0,2.0,0.0
7.0,9.0,0.0,0.0,0.0,0.0,1.0,50.,32.,294,23.,1.0,0.0,0.0,0.0
1.0,9.0,1.0,0.0,0.0,0.0,1.0,51.,38.,294,31.,1.0,0.0,0.0,8.0
1.0,9.0,1.0,0.0,0.0,0.0,1.0,25.,41.,294,23.,1.0,0.0,0.0,32.
2.0,9.0,0.0,0.0,0.0,1.0,1.0,51.,38.,294,31.,1.0,0.0,0.0,1.0
3.0,9.0,0.0,0.0,0.0,1.0,1.0,31.,40.,294,25.,1.0,1.0,1.0,4.0
3.0,9.0,0.0,0.0,0.0,1.0,1.0,50.,36.,294,23.,1.0,4.0,0.0,4.0
1.0,9.0,0.0,0.0,0.0,1.0,1.0,20.,43.,294,38.,1.0,1.0,0.0,8.0
2.0,9.0,0.0,0.0,0.0,1.0,1.0,13.,50.,294,31.,1.0,1.0,0.0,1.0
2.0,9.0,0.0,0.0,0.0,0.0,1.0,20.,43.,294,38.,1.0,1.0,0.0,0.0
3.0,9.0,0.0,0.0,0.0,1.0,1.0,31.,40.,294,25.,1.0,1.0,1.0,3.0
6.0,9.0,1.0,0.0,0.0,0.0,1.0,31.,40.,294,25.,1.0,1.0,1.0,40.
6.0,9.0,1.0,0.0,0.0,0.0,1.0,51.,38.,294,31.,1.0,0.0,0.0,8.0
6.0,10.,0.0,0.0,0.0,1.0,1.0,36.,33.,265,30.,1.0,2.0,1.0,8.0
6.0,10.,0.0,0.0,0.0,1.0,1.0,11.,37.,265,29.,3.0,1.0,1.0,4.0
6.0,10.,0.0,0.0,0.0,1.0,1.0,36.,33.,265,30.,1.0,2.0,1.0,8.0
7.0,10.,0.0,0.0,0.0,1.0,1.0,36.,33.,265,30.,1.0,2.0,1.0,8.0
7.0,10.,0.0,0.0,0.0,0.0,1.0,13.,50.,265,31.,1.0,1.0,0.0,0.0
7.0,10.,0.0,0.0,0.0,0.0,1.0,25.,47.,265,32.,1.0,2.0,1.0,0.0
6.0,10.,1.0,0.0,0.0,0.0,1.0,26.,30.,265,19.,3.0,0.0,0.0,8.0
6.0,10.,1.0,0.0,0.0,0.0,1.0,10.,37.,265,28.,1.0,0.0,0.0,3.0
6.0,10.,0.0,0.0,0.0,1.0,1.0,17.,31.,265,25.,1.0,3.0,0.0,8.0
1.0,10.,0.0,0.0,0.0,1.0,1.0,51.,38.,265,31.,1.0,0.0,0.0,1.0
1.0,10.,1.0,0.0,0.0,0.0,1.0,26.,30.,265,19.,3.0,0.0,0.0,64.
1.0,10.,0.0,0.0,0.0,0.0,1.0,20.,43.,265,38.,1.0,1.0,0.0,0.0
2.0,10.,0.0,0.0,1.0,0.0,1.0,36.,33.,265,30.,1.0,2.0,1.0,16.
3.0,10.,0.0,0.0,0.0,1.0,1.0,50.,36.,265,23.,1.0,4.0,0.0,3.0
3.0,10.,0.0,0.0,0.0,0.0,1.0,20.,43.,265,38.,1.0,1.0,0.0,0.0
6.0,10.,0.0,0.0,0.0,1.0,1.0,20.,43.,265,38.,1.0,1.0,0.0,2.0
6.0,10.,0.0,0.0,0.0,1.0,1.0,20.,43.,265,38.,1.0,1.0,0.0,2.0
7.0,10.,0.0,0.0,0.0,1.0,1.0,13.,50.,265,31.,1.0,1.0,0.0,1.0
7.0,10.,0.0,0.0,0.0,1.0,1.0,31.,40.,265,25.,1.0,1.0,1.0,4.0
2.0,10.,0.0,0.0,0.0,1.0,1.0,26.,30.,265,19.,3.0,0.0,0.0,16.
2.0,10.,0.0,0.0,0.0,1.0,1.0,13.,50.,265,31.,1.0,1.0,0.0,1.0
6.0,10.,1.0,0.0,0.0,0.0,1.0,52.,28.,265,27.,1.0,1.0,4.0,8.0
7.0,10.,0.0,0.0,0.0,0.0,1.0,50.,36.,265,23.,1.0,4.0,0.0,0.0
7.0,10.,0.0,0.0,0.0,0.0,1.0,31.,40.,265,25.,1.0,1.0,1.0,0.0
7.0,10.,0.0,0.0,0.0,0.0,1.0,27.,29.,265,22.,1.0,0.0,0.0,0.0
1.0,10.,1.0,0.0,0.0,0.0,1.0,26.,30.,265,19.,3.0,0.0,0.0,5.0
1.0,10.,1.0,0.0,0.0,0.0,1.0,26.,30.,265,19.,3.0,0.0,0.0,5.0
2.0,10.,0.0,0.0,0.0,1.0,1.0,13.,50.,265,31.,1.0,1.0,0.0,1.0
1.0,11.,1.0,0.0,0.0,0.0,1.0,10.,37.,284,28.,1.0,0.0,0.0,8.0
1.0,11.,0.0,0.0,0.0,1.0,1.0,25.,47.,284,32.,1.0,2.0,1.0,2.0
2.0,11.,1.0,0.0,0.0,0.0,1.0,51.,38.,284,31.,1.0,0.0,0.0,8.0
5.0,11.,0.0,0.0,0.0,1.0,1.0,50.,36.,284,23.,1.0,4.0,0.0,3.0
1.0,11.,0.0,0.0,0.0,1.0,1.0,31.,40.,284,25.,1.0,1.0,1.0,1.0
1.0,11.,1.0,0.0,0.0,0.0,1.0,49.,36.,284,21.,1.0,2.0,4.0,8.0
1.0,11.,1.0,0.0,0.0,0.0,1.0,12.,34.,284,25.,1.0,2.0,0.0,120
1.0,11.,0.0,0.0,0.0,1.0,1.0,20.,43.,284,38.,1.0,1.0,0.0,8.0
2.0,11.,0.0,0.0,0.0,0.0,1.0,16.,28.,284,25.,2.0,0.0,0.0,0.0
3.0,11.,0.0,0.0,1.0,0.0,1.0,11.,37.,284,29.,3.0,1.0,1.0,1.0
3.0,11.,1.0,0.0,0.0,0.0,1.0,10.,37.,284,28.,1.0,0.0,0.0,3.0
4.0,11.,0.0,0.0,0.0,1.0,1.0,11.,37.,284,29.,3.0,1.0,1.0,2.0
4.0,11.,0.0,0.0,0.0,1.0,1.0,51.,38.,284,31.,1.0,0.0,0.0,3.0
5.0,11.,1.0,0.0,0.0,0.0,1.0,25.,41.,284,23.,1.0,0.0,0.0,8.0
5.0,11.,1.0,0.0,0.0,0.0,1.0,31.,40.,284,25.,1.0,1.0,1.0,4.0
1.0,11.,1.0,0.0,0.0,0.0,1.0,25.,41.,284,23.,1.0,0.0,0.0,8.0
2.0,11.,0.0,0.0,0.0,1.0,1.0,51.,38.,284,31.,1.0,0.0,0.0,1.0
3.0,11.,1.0,0.0,0.0,0.0,1.0,50.,36.,284,23.,1.0,4.0,0.0,8.0
5.0,11.,0.0,1.0,0.0,0.0,1.0,50.,36.,284,23.,1.0,4.0,0.0,8.0
5.0,11.,0.0,0.0,0.0,0.0,1.0,49.,36.,284,21.,1.0,2.0,4.0,0.0
2.0,11.,0.0,0.0,0.0,0.0,1.0,5.0,39.,284,24.,1.0,2.0,0.0,0.0
4.0,11.,0.0,0.0,0.0,1.0,1.0,51.,38.,284,31.,1.0,0.0,0.0,1.0
6.0,12.,1.0,0.0,0.0,0.0,1.0,26.,28.,236,24.,1.0,1.0,2.0,3.0
6.0,12.,0.0,0.0,0.0,1.0,1.0,51.,38.,236,31.,1.0,0.0,0.0,2.0
6.0,12.,0.0,0.0,0.0,1.0,1.0,51.,38.,236,31.,1.0,0.0,0.0,1.0
6.0,12.,0.0,0.0,0.0,1.0,1.0,11.,37.,236,29.,3.0,1.0,1.0,3.0
7.0,12.,0.0,0.0,0.0,1.0,1.0,13.,50.,236,31.,1.0,1.0,0.0,1.0
3.0,12.,0.0,0.0,0.0,1.0,1.0,50.,36.,236,23.,1.0,4.0,0.0,4.0
2.0,12.,1.0,0.0,0.0,0.0,1.0,25.,41.,236,23.,1.0,0.0,0.0,8.0
2.0,12.,0.0,0.0,0.0,1.0,1.0,51.,38.,236,31.,1.0,0.0,0.0,1.0
3.0,12.,0.0,0.0,0.0,1.0,1.0,51.,38.,236,31.,1.0,0.0,0.0,1.0
7.0,12.,0.0,0.0,0.0,1.0,1.0,26.,30.,236,19.,3.0,0.0,0.0,1.0
7.0,12.,0.0,0.0,0.0,1.0,1.0,10.,37.,236,28.,1.0,0.0,0.0,8.0
2.0,12.,0.0,0.0,0.0,1.0,1.0,11.,37.,236,29.,3.0,1.0,1.0,2.0
3.0,12.,0.0,0.0,0.0,1.0,1.0,51.,38.,236,31.,1.0,0.0,0.0,1.0
7.0,12.,1.0,0.0,0.0,0.0,1.0,20.,43.,236,38.,1.0,1.0,0.0,8.0
7.0,12.,1.0,0.0,0.0,0.0,1.0,11.,37.,236,29.,3.0,1.0,1.0,4.0
1.0,12.,0.0,0.0,0.0,1.0,1.0,50.,36.,236,23.,1.0,4.0,0.0,8.0
6.0,12.,0.0,0.0,0.0,1.0,1.0,27.,29.,236,22.,1.0,0.0,0.0,2.0
6.0,12.,0.0,0.0,0.0,1.0,1.0,51.,38.,236,31.,1.0,0.0,0.0,3.0
6.0,12.,0.0,0.0,1.0,0.0,1.0,36.,33.,236,30.,1.0,2.0,1.0,8.0
5.0,1.0,0.0,0.0,0.0,1.0,1.0,26.,28.,330,24.,1.0,1.0,2.0,5.0
3.0,1.0,0.0,0.0,1.0,0.0,1.0,10.,37.,330,28.,1.0,0.0,0.0,32.
3.0,1.0,0.0,0.0,0.0,1.0,1.0,12.,34.,330,25.,1.0,2.0,0.0,2.0
4.0,1.0,1.0,0.0,0.0,0.0,1.0,11.,37.,330,29.,3.0,1.0,1.0,1.0
4.0,1.0,0.0,0.0,0.0,1.0,1.0,12.,34.,330,25.,1.0,2.0,0.0,4.0
3.0,1.0,0.0,0.0,0.0,1.0,1.0,36.,33.,330,30.,1.0,2.0,1.0,8.0
5.0,1.0,1.0,0.0,0.0,0.0,1.0,31.,40.,330,25.,1.0,1.0,1.0,8.0
3.0,1.0,0.0,0.0,0.0,1.0,1.0,20.,43.,330,38.,1.0,1.0,0.0,8.0
3.0,1.0,0.0,0.0,0.0,1.0,1.0,13.,50.,330,31.,1.0,1.0,0.0,4.0
5.0,1.0,0.0,0.0,0.0,1.0,1.0,51.,38.,330,31.,1.0,0.0,0.0,1.0
7.0,1.0,0.0,0.0,0.0,1.0,1.0,51.,38.,330,31.,1.0,0.0,0.0,1.0
1.0,2.0,0.0,0.0,0.0,1.0,1.0,10.,37.,251,28.,1.0,0.0,0.0,2.0
2.0,2.0,0.0,0.0,0.0,1.0,1.0,51.,38.,251,31.,1.0,0.0,0.0,3.0
2.0,2.0,1.0,0.0,0.0,0.0,1.0,26.,28.,251,24.,1.0,1.0,2.0,1.0
4.0,2.0,0.0,0.0,0.0,1.0,1.0,36.,33.,251,30.,1.0,2.0,1.0,3.0
4.0,2.0,0.0,0.0,0.0,1.0,1.0,50.,36.,251,23.,1.0,4.0,0.0,3.0
4.0,2.0,0.0,0.0,0.0,1.0,1.0,51.,38.,251,31.,1.0,0.0,0.0,3.0
7.0,2.0,0.0,0.0,0.0,1.0,1.0,51.,38.,251,31.,1.0,0.0,0.0,2.0
2.0,2.0,0.0,0.0,0.0,1.0,1.0,51.,38.,251,31.,1.0,0.0,0.0,3.0
3.0,2.0,1.0,0.0,0.0,0.0,1.0,51.,38.,251,31.,1.0,0.0,0.0,8.0
3.0,2.0,0.0,0.0,0.0,1.0,1.0,25.,41.,251,23.,1.0,0.0,0.0,8.0
4.0,2.0,0.0,0.0,0.0,1.0,1.0,51.,38.,251,31.,1.0,0.0,0.0,3.0
7.0,2.0,0.0,0.0,0.0,1.0,1.0,29.,33.,251,25.,1.0,2.0,2.0,8.0
7.0,2.0,0.0,0.0,0.0,1.0,1.0,51.,38.,251,31.,1.0,0.0,0.0,3.0
1.0,2.0,0.0,0.0,0.0,1.0,1.0,25.,41.,251,23.,1.0,0.0,0.0,2.0
1.0,2.0,0.0,0.0,0.0,1.0,1.0,31.,40.,251,25.,1.0,1.0,1.0,2.0
2.0,2.0,1.0,0.0,0.0,0.0,1.0,27.,29.,251,22.,1.0,0.0,0.0,16.
2.0,2.0,0.0,0.0,0.0,1.0,1.0,51.,38.,251,31.,1.0,0.0,0.0,3.0
4.0,2.0,0.0,0.0,0.0,1.0,1.0,51.,38.,251,31.,1.0,0.0,0.0,3.0
4.0,2.0,1.0,0.0,0.0,0.0,1.0,25.,41.,251,23.,1.0,0.0,0.0,24.
2.0,2.0,0.0,0.0,0.0,1.0,1.0,51.,38.,251,31.,1.0,0.0,0.0,3.0
4.0,2.0,0.0,0.0,0.0,1.0,1.0,51.,38.,251,31.,1.0,0.0,0.0,3.0
1.0,3.0,0.0,0.0,1.0,0.0,1.0,10.,37.,244,28.,1.0,0.0,0.0,8.0
2.0,3.0,0.0,0.0,1.0,0.0,1.0,25.,41.,244,23.,1.0,0.0,0.0,16.
4.0,3.0,0.0,0.0,0.0,1.0,1.0,25.,41.,244,23.,1.0,0.0,0.0,2.0
4.0,3.0,0.0,0.0,0.0,1.0,1.0,50.,36.,244,23.,1.0,4.0,0.0,4.0
7.0,3.0,0.0,0.0,0.0,1.0,1.0,51.,38.,244,31.,1.0,0.0,0.0,2.0
7.0,3.0,0.0,0.0,0.0,1.0,1.0,11.,37.,244,29.,3.0,1.0,1.0,8.0
1.0,3.0,0.0,0.0,0.0,1.0,1.0,22.,40.,244,22.,2.0,2.0,0.0,8.0
1.0,3.0,0.0,0.0,0.0,1.0,1.0,49.,36.,244,21.,1.0,2.0,4.0,8.0
7.0,3.0,0.0,0.0,0.0,1.0,1.0,51.,38.,244,31.,1.0,0.0,0.0,16.
2.0,3.0,0.0,0.0,0.0,1.0,1.0,52.,28.,244,27.,1.0,1.0,4.0,8.0
2.0,3.0,0.0,0.0,0.0,0.0,1.0,17.,31.,244,25.,1.0,3.0,0.0,0.0
3.0,3.0,0.0,0.0,1.0,0.0,1.0,11.,37.,244,29.,3.0,1.0,1.0,8.0
4.0,3.0,0.0,0.0,0.0,1.0,1.0,13.,50.,244,31.,1.0,1.0,0.0,2.0
1.0,3.0,1.0,0.0,0.0,0.0,1.0,13.,50.,244,31.,1.0,1.0,0.0,3.0
2.0,3.0,1.0,0.0,0.0,0.0,1.0,13.,50.,244,31.,1.0,1.0,0.0,8.0
3.0,3.0,0.0,0.0,0.0,0.0,1.0,11.,37.,244,29.,3.0,1.0,1.0,0.0
3.0,3.0,0.0,0.0,0.0,0.0,1.0,25.,41.,244,23.,1.0,0.0,0.0,0.0
3.0,3.0,0.0,0.0,0.0,0.0,1.0,13.,50.,244,31.,1.0,1.0,0.0,0.0
4.0,3.0,0.0,0.0,0.0,1.0,1.0,51.,38.,244,31.,1.0,0.0,0.0,8.0
4.0,3.0,0.0,0.0,0.0,1.0,1.0,36.,33.,244,30.,1.0,2.0,1.0,8.0
7.0,3.0,0.0,0.0,1.0,0.0,1.0,50.,36.,244,23.,1.0,4.0,0.0,8.0
1.0,3.0,0.0,0.0,0.0,1.0,1.0,25.,41.,244,23.,1.0,0.0,0.0,2.0
6.0,4.0,0.0,0.0,0.0,1.0,1.0,51.,38.,239,31.,1.0,0.0,0.0,4.0
1.0,4.0,0.0,0.0,0.0,1.0,1.0,50.,36.,239,23.,1.0,4.0,0.0,3.0
1.0,4.0,0.0,0.0,0.0,1.0,1.0,16.,28.,239,25.,2.0,0.0,0.0,4.0
4.0,4.0,0.0,0.0,0.0,1.0,1.0,17.,31.,239,25.,1.0,3.0,0.0,4.0
4.0,4.0,0.0,0.0,0.0,1.0,1.0,25.,47.,239,32.,1.0,2.0,1.0,4.0
6.0,4.0,0.0,0.0,0.0,1.0,1.0,16.,28.,239,25.,2.0,0.0,0.0,8.0
6.0,4.0,0.0,0.0,0.0,1.0,1.0,51.,38.,239,31.,1.0,0.0,0.0,8.0
4.0,4.0,0.0,0.0,0.0,1.0,1.0,13.,50.,239,31.,1.0,1.0,0.0,1.0
6.0,4.0,1.0,0.0,0.0,0.0,1.0,13.,50.,239,31.,1.0,1.0,0.0,120
1.0,4.0,0.0,0.0,0.0,1.0,1.0,26.,43.,239,25.,1.0,2.0,1.0,8.0
1.0,4.0,0.0,0.0,0.0,1.0,1.0,50.,36.,239,23.,1.0,4.0,0.0,4.0
4.0,4.0,0.0,0.0,0.0,1.0,1.0,51.,38.,239,31.,1.0,0.0,0.0,4.0
6.0,4.0,1.0,0.0,0.0,0.0,1.0,10.,37.,239,28.,1.0,0.0,0.0,2.0
2.0,5.0,1.0,0.0,0.0,0.0,1.0,20.,43.,246,38.,1.0,1.0,0.0,16.
4.0,5.0,0.0,0.0,0.0,1.0,1.0,25.,47.,246,32.,1.0,2.0,1.0,2.0
2.0,5.0,1.0,0.0,0.0,0.0,1.0,17.,31.,246,25.,1.0,3.0,0.0,8.0
4.0,5.0,0.0,0.0,0.0,1.0,1.0,26.,30.,246,19.,3.0,0.0,0.0,3.0
4.0,5.0,0.0,0.0,0.0,1.0,1.0,51.,38.,246,31.,1.0,0.0,0.0,4.0
5.0,5.0,0.0,0.0,0.0,1.0,1.0,52.,28.,246,27.,1.0,1.0,4.0,1.0
6.0,5.0,0.0,0.0,0.0,1.0,1.0,50.,36.,246,23.,1.0,4.0,0.0,3.0
2.0,5.0,1.0,0.0,0.0,0.0,1.0,22.,40.,246,22.,2.0,2.0,0.0,2.0
2.0,5.0,1.0,0.0,0.0,0.0,1.0,22.,40.,246,22.,2.0,2.0,0.0,3.0
4.0,5.0,0.0,0.0,1.0,0.0,1.0,14.,58.,246,22.,1.0,2.0,1.0,8.0
4.0,5.0,0.0,0.0,0.0,1.0,1.0,26.,28.,246,24.,1.0,1.0,2.0,3.0
6.0,5.0,1.0,0.0,0.0,0.0,1.0,16.,28.,246,25.,2.0,0.0,0.0,8.0
2.0,5.0,0.0,0.0,0.0,1.0,1.0,26.,30.,246,19.,3.0,0.0,0.0,2.0
2.0,5.0,0.0,0.0,0.0,1.0,1.0,10.,37.,246,28.,1.0,0.0,0.0,1.0
2.0,5.0,1.0,0.0,0.0,0.0,1.0,11.,37.,246,29.,3.0,1.0,1.0,8.0
4.0,5.0,0.0,0.0,0.0,1.0,1.0,26.,30.,246,19.,3.0,0.0,0.0,3.0
6.0,6.0,0.0,0.0,0.0,1.0,1.0,10.,37.,253,28.,1.0,0.0,0.0,3.0
6.0,6.0,0.0,0.0,0.0,1.0,1.0,51.,38.,253,31.,1.0,0.0,0.0,3.0
7.0,6.0,0.0,0.0,0.0,1.0,1.0,10.,37.,253,28.,1.0,0.0,0.0,2.0
2.0,6.0,0.0,0.0,0.0,1.0,1.0,26.,28.,253,24.,1.0,1.0,2.0,4.0
3.0,6.0,0.0,0.0,0.0,1.0,1.0,50.,36.,253,23.,1.0,4.0,0.0,4.0
3.0,6.0,0.0,0.0,0.0,0.0,1.0,51.,38.,253,31.,1.0,0.0,0.0,0.0
6.0,6.0,1.0,0.0,0.0,0.0,1.0,31.,40.,253,25.,1.0,1.0,1.0,40.
6.0,6.0,0.0,0.0,0.0,1.0,1.0,51.,38.,253,31.,1.0,0.0,0.0,24.
7.0,6.0,0.0,0.0,0.0,1.0,1.0,25.,41.,253,23.,1.0,0.0,0.0,3.0
6.0,6.0,0.0,0.0,0.0,1.0,1.0,51.,38.,253,31.,1.0,0.0,0.0,4.0
7.0,6.0,0.0,0.0,0.0,1.0,1.0,20.,43.,253,38.,1.0,1.0,0.0,8.0
6.0,6.0,0.0,0.0,0.0,1.0,1.0,51.,38.,253,31.,1.0,0.0,0.0,2.0
1.0,6.0,0.0,0.0,0.0,1.0,1.0,26.,28.,253,24.,1.0,1.0,2.0,2.0
1.0,6.0,0.0,0.0,0.0,1.0,1.0,13.,50.,253,31.,1.0,1.0,0.0,2.0
1.0,6.0,1.0,0.0,0.0,0.0,1.0,51.,38.,253,31.,1.0,0.0,0.0,8.0
1.0,6.0,0.0,0.0,1.0,0.0,1.0,26.,30.,253,19.,3.0,0.0,0.0,2.0
3.0,6.0,0.0,0.0,0.0,1.0,1.0,25.,41.,253,23.,1.0,0.0,0.0,2.0
7.0,6.0,1.0,0.0,0.0,0.0,1.0,16.,28.,253,25.,2.0,0.0,0.0,1.0
7.0,6.0,1.0,0.0,0.0,0.0,1.0,11.,37.,253,29.,3.0,1.0,1.0,8.0
7.0,7.0,0.0,0.0,0.0,1.0,1.0,26.,30.,230,19.,3.0,0.0,0.0,2.0
7.0,7.0,0.0,0.0,0.0,1.0,1.0,26.,28.,230,24.,1.0,1.0,2.0,4.0
1.0,7.0,1.0,0.0,0.0,0.0,1.0,50.,36.,230,23.,1.0,4.0,0.0,8.0
4.0,7.0,1.0,0.0,0.0,0.0,1.0,11.,33.,230,25.,2.0,0.0,0.0,8.0
1.0,7.0,0.0,0.0,0.0,1.0,1.0,16.,28.,230,25.,2.0,0.0,0.0,8.0
1.0,7.0,0.0,0.0,0.0,1.0,1.0,10.,37.,230,28.,1.0,0.0,0.0,8.0
4.0,7.0,0.0,0.0,0.0,1.0,1.0,50.,36.,230,23.,1.0,4.0,0.0,4.0
5.0,7.0,0.0,0.0,0.0,1.0,1.0,10.,37.,230,28.,1.0,0.0,0.0,8.0
4.0,7.0,0.0,1.0,0.0,0.0,1.0,26.,43.,230,25.,1.0,2.0,1.0,8.0
4.0,7.0,0.0,0.0,0.0,1.0,1.0,29.,48.,230,33.,1.0,1.0,5.0,1.0
5.0,7.0,0.0,0.0,0.0,1.0,1.0,25.,41.,230,23.,1.0,0.0,0.0,2.0
5.0,7.0,1.0,0.0,0.0,0.0,1.0,26.,28.,230,24.,1.0,1.0,2.0,112
5.0,7.0,0.0,0.0,0.0,1.0,1.0,51.,38.,230,31.,1.0,0.0,0.0,1.0
1.0,7.0,0.0,0.0,0.0,1.0,1.0,13.,50.,230,31.,1.0,1.0,0.0,1.0
1.0,7.0,0.0,0.0,0.0,1.0,1.0,52.,28.,230,27.,1.0,1.0,4.0,8.0
4.0,7.0,0.0,0.0,0.0,1.0,1.0,36.,33.,230,30.,1.0,2.0,1.0,8.0
4.0,7.0,0.0,0.0,0.0,1.0,1.0,20.,43.,230,38.,1.0,1.0,0.0,8.0
5.0,7.0,0.0,0.0,0.0,1.0,1.0,25.,41.,230,23.,1.0,0.0,0.0,2.0
7.0,7.0,0.0,0.0,0.0,1.0,1.0,31.,40.,230,25.,1.0,1.0,1.0,1.0
7.0,7.0,0.0,0.0,0.0,1.0,1.0,5.0,39.,230,24.,1.0,2.0,0.0,2.0
4.0,8.0,0.0,0.0,0.0,1.0,1.0,51.,38.,249,31.,1.0,0.0,0.0,4.0
1.0,8.0,0.0,0.0,0.0,1.0,1.0,22.,40.,249,22.,2.0,2.0,0.0,1.0
2.0,8.0,0.0,0.0,0.0,1.0,1.0,25.,41.,249,23.,1.0,0.0,0.0,4.0
2.0,8.0,0.0,0.0,0.0,1.0,1.0,10.,37.,249,28.,1.0,0.0,0.0,4.0
2.0,8.0,0.0,0.0,0.0,1.0,1.0,36.,33.,249,30.,1.0,2.0,1.0,8.0
2.0,8.0,0.0,0.0,0.0,1.0,1.0,20.,43.,249,38.,1.0,1.0,0.0,8.0
4.0,8.0,0.0,0.0,0.0,1.0,1.0,31.,40.,249,25.,1.0,1.0,1.0,4.0
1.0,8.0,0.0,0.0,0.0,1.0,1.0,51.,38.,249,31.,1.0,0.0,0.0,4.0
2.0,8.0,0.0,0.0,0.0,1.0,1.0,22.,40.,249,22.,2.0,2.0,0.0,8.0
4.0,8.0,0.0,0.0,0.0,1.0,1.0,16.,28.,249,25.,2.0,0.0,0.0,16.
2.0,8.0,0.0,0.0,0.0,1.0,1.0,11.,37.,249,29.,3.0,1.0,1.0,4.0
2.0,8.0,0.0,0.0,0.0,1.0,1.0,25.,41.,249,23.,1.0,0.0,0.0,1.0
2.0,8.0,0.0,0.0,0.0,1.0,1.0,10.,37.,249,28.,1.0,0.0,0.0,5.0
4.0,8.0,0.0,0.0,0.0,1.0,1.0,31.,40.,249,25.,1.0,1.0,1.0,2.0
1.0,8.0,0.0,0.0,0.0,1.0,1.0,50.,36.,249,23.,1.0,4.0,0.0,3.0
6.0,9.0,0.0,0.0,0.0,1.0,1.0,25.,41.,261,23.,1.0,0.0,0.0,1.0
6.0,9.0,0.0,0.0,0.0,1.0,1.0,25.,41.,261,23.,1.0,0.0,0.0,1.0
6.0,9.0,0.0,0.0,0.0,1.0,1.0,10.,37.,261,28.,1.0,0.0,0.0,3.0
6.0,9.0,0.0,0.0,0.0,1.0,1.0,12.,34.,261,25.,1.0,2.0,0.0,2.0
1.0,9.0,0.0,0.0,0.0,1.0,1.0,31.,40.,261,25.,1.0,1.0,1.0,2.0
2.0,9.0,0.0,0.0,0.0,1.0,1.0,26.,30.,261,19.,3.0,0.0,0.0,8.0
2.0,9.0,0.0,0.0,0.0,1.0,1.0,25.,47.,261,32.,1.0,2.0,1.0,1.0
5.0,9.0,0.0,0.0,0.0,1.0,1.0,51.,38.,261,31.,1.0,0.0,0.0,4.0
7.0,9.0,0.0,0.0,0.0,1.0,1.0,26.,28.,261,24.,1.0,1.0,2.0,1.0
5.0,9.0,0.0,0.0,0.0,1.0,1.0,26.,30.,261,19.,3.0,0.0,0.0,2.0
6.0,9.0,0.0,0.0,0.0,1.0,1.0,17.,31.,261,25.,1.0,3.0,0.0,8.0
6.0,9.0,0.0,0.0,0.0,1.0,1.0,52.,28.,261,27.,1.0,1.0,4.0,8.0
6.0,10.,1.0,0.0,0.0,0.0,1.0,48.,49.,284,36.,1.0,0.0,2.0,1.0
6.0,10.,1.0,0.0,0.0,0.0,1.0,16.,32.,284,25.,3.0,0.0,0.0,3.0
7.0,10.,0.0,0.0,0.0,1.0,1.0,25.,41.,284,23.,1.0,0.0,0.0,8.0
5.0,10.,1.0,0.0,0.0,0.0,1.0,48.,49.,284,36.,1.0,0.0,2.0,3.0
5.0,10.,0.0,0.0,0.0,1.0,1.0,31.,40.,284,25.,1.0,1.0,1.0,2.0
4.0,10.,0.0,0.0,0.0,1.0,1.0,10.,37.,284,28.,1.0,0.0,0.0,2.0
6.0,10.,0.0,0.0,0.0,1.0,1.0,48.,49.,284,36.,1.0,0.0,2.0,2.0
7.0,10.,0.0,0.0,0.0,1.0,1.0,31.,40.,284,25.,1.0,1.0,1.0,1.0
4.0,10.,0.0,0.0,0.0,1.0,1.0,26.,28.,284,24.,1.0,1.0,2.0,2.0
4.0,10.,0.0,0.0,0.0,1.0,1.0,17.,31.,284,25.,1.0,3.0,0.0,8.0
4.0,10.,0.0,0.0,0.0,1.0,1.0,17.,31.,284,25.,1.0,3.0,0.0,3.0
4.0,10.,0.0,0.0,0.0,1.0,1.0,26.,28.,284,24.,1.0,1.0,2.0,4.0
4.0,10.,0.0,0.0,0.0,1.0,1.0,17.,31.,284,25.,1.0,3.0,0.0,8.0
5.0,10.,0.0,0.0,0.0,1.0,1.0,51.,38.,284,31.,1.0,0.0,0.0,3.0
5.0,10.,1.0,0.0,0.0,0.0,1.0,14.,58.,284,22.,1.0,2.0,1.0,1.0
5.0,10.,0.0,0.0,0.0,1.0,1.0,31.,40.,284,25.,1.0,1.0,1.0,1.0
6.0,10.,1.0,0.0,0.0,0.0,1.0,17.,31.,284,25.,1.0,3.0,0.0,8.0
6.0,10.,1.0,0.0,0.0,0.0,1.0,26.,28.,284,24.,1.0,1.0,2.0,1.0
7.0,10.,1.0,0.0,0.0,0.0,1.0,17.,31.,284,25.,1.0,3.0,0.0,8.0
7.0,10.,1.0,0.0,0.0,0.0,1.0,26.,28.,284,24.,1.0,1.0,2.0,3.0
2.0,10.,0.0,0.0,0.0,1.0,1.0,29.,33.,284,25.,1.0,2.0,2.0,8.0
2.0,10.,1.0,0.0,0.0,0.0,1.0,16.,32.,284,25.,3.0,0.0,0.0,8.0
2.0,10.,1.0,0.0,0.0,0.0,1.0,25.,47.,284,32.,1.0,2.0,1.0,8.0
2.0,10.,0.0,0.0,0.0,0.0,1.0,26.,28.,284,24.,1.0,1.0,2.0,0.0
4.0,10.,1.0,0.0,0.0,0.0,1.0,26.,28.,284,24.,1.0,1.0,2.0,3.0
1.0,11.,0.0,0.0,1.0,0.0,1.0,51.,38.,268,31.,1.0,0.0,0.0,1.0
2.0,11.,0.0,0.0,0.0,1.0,1.0,10.,37.,268,28.,1.0,0.0,0.0,3.0
2.0,11.,1.0,0.0,0.0,0.0,1.0,16.,28.,268,25.,2.0,0.0,0.0,24.
4.0,11.,0.0,0.0,0.0,1.0,1.0,51.,38.,268,31.,1.0,0.0,0.0,1.0
1.0,11.,1.0,0.0,0.0,0.0,1.0,10.,37.,268,28.,1.0,0.0,0.0,8.0
2.0,11.,0.0,0.0,0.0,1.0,1.0,36.,33.,268,30.,1.0,2.0,1.0,8.0
4.0,11.,1.0,0.0,0.0,0.0,1.0,16.,32.,268,25.,3.0,0.0,0.0,8.0
4.0,11.,0.0,0.0,0.0,1.0,1.0,26.,28.,268,24.,1.0,1.0,2.0,4.0
1.0,11.,0.0,0.0,0.0,1.0,1.0,52.,28.,268,27.,1.0,1.0,4.0,8.0
2.0,11.,0.0,0.0,0.0,1.0,1.0,31.,40.,268,25.,1.0,1.0,1.0,2.0
3.0,11.,1.0,0.0,0.0,0.0,1.0,10.,37.,268,28.,1.0,0.0,0.0,2.0
3.0,11.,1.0,0.0,0.0,0.0,1.0,26.,28.,268,24.,1.0,1.0,2.0,3.0
7.0,11.,0.0,0.0,0.0,1.0,1.0,51.,38.,268,31.,1.0,0.0,0.0,1.0
7.0,11.,0.0,0.0,0.0,1.0,1.0,10.,37.,268,28.,1.0,0.0,0.0,8.0
1.0,11.,1.0,0.0,0.0,0.0,1.0,10.,37.,268,28.,1.0,0.0,0.0,8.0
1.0,11.,0.0,0.0,0.0,1.0,1.0,26.,28.,268,24.,1.0,1.0,2.0,2.0
1.0,11.,0.0,0.0,0.0,0.0,1.0,31.,40.,268,25.,1.0,1.0,1.0,0.0
2.0,11.,0.0,0.0,0.0,0.0,1.0,36.,33.,268,30.,1.0,2.0,1.0,0.0
3.0,11.,1.0,0.0,0.0,0.0,1.0,25.,47.,268,32.,1.0,2.0,1.0,4.0
3.0,11.,0.0,0.0,0.0,0.0,1.0,20.,43.,268,38.,1.0,1.0,0.0,0.0
4.0,11.,0.0,0.0,0.0,1.0,1.0,26.,28.,268,24.,1.0,1.0,2.0,2.0
4.0,11.,0.0,0.0,0.0,1.0,1.0,17.,31.,268,25.,1.0,3.0,0.0,8.0
7.0,11.,0.0,0.0,0.0,1.0,1.0,52.,28.,268,27.,1.0,1.0,4.0,2.0
6.0,12.,1.0,0.0,0.0,0.0,1.0,51.,38.,280,31.,1.0,0.0,0.0,32.
7.0,12.,0.0,0.0,0.0,1.0,1.0,31.,40.,280,25.,1.0,1.0,1.0,1.0
7.0,12.,0.0,0.0,0.0,1.0,1.0,26.,28.,280,24.,1.0,1.0,2.0,3.0
2.0,12.,1.0,0.0,0.0,0.0,1.0,26.,30.,280,19.,3.0,0.0,0.0,1.0
2.0,12.,0.0,0.0,0.0,1.0,1.0,26.,28.,280,24.,1.0,1.0,2.0,3.0
7.0,12.,0.0,0.0,0.0,1.0,1.0,26.,28.,280,24.,1.0,1.0,2.0,3.0
1.0,12.,1.0,0.0,0.0,0.0,1.0,52.,28.,280,27.,1.0,1.0,4.0,4.0
2.0,12.,0.0,0.0,1.0,0.0,1.0,22.,40.,280,22.,2.0,2.0,0.0,2.0
2.0,12.,0.0,0.0,0.0,1.0,1.0,20.,43.,280,38.,1.0,1.0,0.0,8.0
5.0,12.,0.0,0.0,1.0,0.0,1.0,51.,31.,280,21.,2.0,1.0,8.0,8.0
6.0,12.,1.0,0.0,0.0,0.0,1.0,26.,30.,280,19.,3.0,0.0,0.0,16.
6.0,12.,0.0,0.0,0.0,1.0,1.0,26.,28.,280,24.,1.0,1.0,2.0,2.0
1.0,12.,0.0,0.0,0.0,1.0,1.0,26.,28.,280,24.,1.0,1.0,2.0,3.0
5.0,12.,0.0,0.0,0.0,1.0,1.0,26.,28.,280,24.,1.0,1.0,2.0,2.0
6.0,12.,0.0,0.0,1.0,0.0,1.0,12.,34.,280,25.,1.0,2.0,0.0,80.
2.0,1.0,1.0,0.0,0.0,0.0,1.0,26.,30.,313,19.,3.0,0.0,0.0,24.
5.0,1.0,1.0,0.0,0.0,0.0,1.0,26.,30.,313,19.,3.0,0.0,0.0,16.
5.0,1.0,0.0,0.0,0.0,1.0,1.0,22.,40.,313,22.,2.0,2.0,0.0,2.0
6.0,1.0,0.0,0.0,0.0,1.0,1.0,22.,40.,313,22.,2.0,2.0,0.0,2.0
2.0,1.0,1.0,0.0,0.0,0.0,1.0,26.,30.,313,19.,3.0,0.0,0.0,3.0
4.0,1.0,0.0,0.0,0.0,1.0,1.0,22.,40.,313,22.,2.0,2.0,0.0,2.0
5.0,1.0,1.0,0.0,0.0,0.0,1.0,48.,49.,313,36.,1.0,0.0,2.0,8.0
6.0,1.0,0.0,0.0,1.0,0.0,1.0,22.,40.,313,22.,2.0,2.0,0.0,3.0
2.0,1.0,0.0,0.0,0.0,1.0,1.0,26.,30.,313,19.,3.0,0.0,0.0,2.0
3.0,1.0,0.0,0.0,1.0,0.0,1.0,12.,34.,313,25.,1.0,2.0,0.0,8.0
4.0,1.0,0.0,0.0,0.0,1.0,1.0,26.,30.,313,19.,3.0,0.0,0.0,2.0
4.0,1.0,0.0,0.0,0.0,1.0,1.0,51.,38.,313,31.,1.0,0.0,0.0,3.0
4.0,1.0,1.0,0.0,0.0,0.0,1.0,36.,33.,313,30.,1.0,2.0,1.0,8.0
5.0,1.0,0.0,0.0,0.0,1.0,1.0,51.,38.,313,31.,1.0,0.0,0.0,3.0
6.0,1.0,0.0,0.0,0.0,1.0,1.0,51.,38.,313,31.,1.0,0.0,0.0,2.0
7.0,2.0,1.0,0.0,0.0,0.0,1.0,51.,38.,264,31.,1.0,0.0,0.0,8.0
7.0,2.0,0.0,0.0,0.0,1.0,1.0,26.,28.,264,24.,1.0,1.0,2.0,3.0
1.0,2.0,1.0,0.0,0.0,0.0,1.0,25.,47.,264,32.,1.0,2.0,1.0,8.0
1.0,2.0,0.0,0.0,0.0,1.0,1.0,51.,38.,264,31.,1.0,0.0,0.0,2.0
2.0,2.0,0.0,0.0,0.0,1.0,1.0,26.,28.,264,24.,1.0,1.0,2.0,3.0
2.0,2.0,0.0,0.0,0.0,1.0,1.0,51.,38.,264,31.,1.0,0.0,0.0,2.0
2.0,2.0,0.0,0.0,0.0,1.0,1.0,26.,30.,264,19.,3.0,0.0,0.0,2.0
3.0,2.0,0.0,0.0,0.0,1.0,1.0,15.,41.,264,28.,4.0,2.0,2.0,2.0
3.0,2.0,0.0,0.0,0.0,1.0,1.0,51.,38.,264,31.,1.0,0.0,0.0,2.0
6.0,2.0,0.0,0.0,1.0,0.0,1.0,51.,31.,264,21.,2.0,1.0,8.0,2.0
6.0,2.0,0.0,0.0,0.0,1.0,1.0,51.,38.,264,31.,1.0,0.0,0.0,2.0
7.0,2.0,1.0,0.0,0.0,0.0,1.0,26.,28.,264,24.,1.0,1.0,2.0,8.0
1.0,2.0,0.0,0.0,0.0,1.0,1.0,51.,38.,264,31.,1.0,0.0,0.0,3.0
2.0,2.0,0.0,0.0,0.0,1.0,1.0,51.,38.,264,31.,1.0,0.0,0.0,3.0
2.0,2.0,0.0,0.0,0.0,1.0,1.0,26.,28.,264,24.,1.0,1.0,2.0,3.0
2.0,2.0,1.0,0.0,0.0,0.0,1.0,26.,30.,264,19.,3.0,0.0,0.0,2.0
3.0,2.0,0.0,0.0,0.0,1.0,1.0,22.,40.,264,22.,2.0,2.0,0.0,2.0
3.0,2.0,0.0,0.0,0.0,1.0,1.0,51.,38.,264,31.,1.0,0.0,0.0,3.0
1.0,2.0,1.0,0.0,0.0,0.0,1.0,51.,31.,264,21.,2.0,1.0,8.0,3.0
1.0,2.0,0.0,0.0,0.0,1.0,1.0,26.,30.,264,19.,3.0,0.0,0.0,2.0
1.0,2.0,0.0,0.0,0.0,1.0,1.0,51.,38.,264,31.,1.0,0.0,0.0,2.0
2.0,2.0,1.0,0.0,0.0,0.0,1.0,51.,38.,264,31.,1.0,0.0,0.0,8.0
3.0,2.0,0.0,0.0,0.0,1.0,1.0,51.,38.,264,31.,1.0,0.0,0.0,2.0
6.0,2.0,0.0,0.0,0.0,1.0,1.0,12.,34.,264,25.,1.0,2.0,0.0,5.0
6.0,2.0,0.0,0.0,0.0,1.0,1.0,16.,32.,264,25.,3.0,0.0,0.0,3.0
6.0,2.0,0.0,0.0,0.0,1.0,1.0,51.,38.,264,31.,1.0,0.0,0.0,2.0
6.0,2.0,1.0,0.0,0.0,0.0,1.0,26.,28.,264,24.,1.0,1.0,2.0,2.0
7.0,2.0,0.0,0.0,0.0,1.0,1.0,51.,38.,264,31.,1.0,0.0,0.0,2.0
7.0,2.0,0.0,0.0,0.0,1.0,1.0,25.,47.,264,32.,1.0,2.0,1.0,2.0
7.0,2.0,0.0,0.0,0.0,1.0,1.0,26.,28.,264,24.,1.0,1.0,2.0,2.0
1.0,2.0,0.0,0.0,0.0,1.0,1.0,51.,38.,264,31.,1.0,0.0,0.0,2.0
2.0,2.0,0.0,0.0,0.0,1.0,1.0,51.,38.,264,31.,1.0,0.0,0.0,2.0
3.0,2.0,0.0,0.0,0.0,1.0,1.0,16.,32.,264,25.,3.0,0.0,0.0,2.0
6.0,3.0,0.0,0.0,0.0,1.0,1.0,51.,38.,222,31.,1.0,0.0,0.0,2.0
6.0,3.0,0.0,0.0,0.0,1.0,1.0,25.,47.,222,32.,1.0,2.0,1.0,2.0
7.0,3.0,0.0,0.0,0.0,1.0,1.0,14.,58.,222,22.,1.0,2.0,1.0,3.0
7.0,3.0,0.0,0.0,0.0,1.0,1.0,25.,47.,222,32.,1.0,2.0,1.0,3.0
7.0,3.0,1.0,0.0,0.0,0.0,1.0,14.,58.,222,22.,1.0,2.0,1.0,112
1.0,3.0,0.0,0.0,0.0,1.0,1.0,51.,38.,222,31.,1.0,0.0,0.0,2.0
2.0,3.0,0.0,0.0,0.0,1.0,1.0,26.,28.,222,24.,1.0,1.0,2.0,2.0
2.0,3.0,0.0,0.0,0.0,1.0,1.0,51.,38.,222,31.,1.0,0.0,0.0,3.0
2.0,3.0,0.0,0.0,0.0,1.0,1.0,26.,28.,222,24.,1.0,1.0,2.0,2.0
3.0,3.0,0.0,0.0,0.0,1.0,1.0,26.,30.,222,19.,3.0,0.0,0.0,3.0
6.0,3.0,0.0,0.0,0.0,1.0,1.0,16.,32.,222,25.,3.0,0.0,0.0,3.0
6.0,3.0,0.0,0.0,1.0,0.0,1.0,52.,28.,222,27.,1.0,1.0,4.0,8.0
7.0,3.0,1.0,0.0,0.0,0.0,1.0,51.,38.,222,31.,1.0,0.0,0.0,8.0
1.0,3.0,0.0,0.0,0.0,1.0,1.0,51.,38.,222,31.,1.0,0.0,0.0,2.0
2.0,3.0,0.0,0.0,0.0,1.0,1.0,51.,38.,222,31.,1.0,0.0,0.0,3.0
3.0,3.0,0.0,0.0,0.0,1.0,1.0,26.,30.,222,19.,3.0,0.0,0.0,2.0
6.0,3.0,1.0,0.0,0.0,0.0,1.0,51.,38.,222,31.,1.0,0.0,0.0,4.0
6.0,3.0,1.0,0.0,0.0,0.0,1.0,25.,47.,222,32.,1.0,2.0,1.0,2.0
6.0,3.0,0.0,0.0,0.0,1.0,1.0,51.,38.,222,31.,1.0,0.0,0.0,3.0
6.0,3.0,1.0,0.0,0.0,0.0,1.0,26.,28.,222,24.,1.0,1.0,2.0,8.0
7.0,3.0,0.0,0.0,0.0,1.0,1.0,51.,38.,222,31.,1.0,0.0,0.0,2.0
1.0,3.0,0.0,0.0,0.0,1.0,1.0,36.,33.,222,30.,1.0,2.0,1.0,8.0
1.0,3.0,0.0,0.0,0.0,1.0,1.0,14.,58.,222,22.,1.0,2.0,1.0,2.0
1.0,3.0,0.0,0.0,0.0,1.0,1.0,51.,38.,222,31.,1.0,0.0,0.0,2.0
2.0,3.0,0.0,0.0,0.0,1.0,1.0,25.,47.,222,32.,1.0,2.0,1.0,3.0
2.0,3.0,0.0,0.0,0.0,1.0,1.0,51.,38.,222,31.,1.0,0.0,0.0,3.0
3.0,3.0,0.0,0.0,0.0,1.0,1.0,26.,30.,222,19.,3.0,0.0,0.0,2.0
3.0,3.0,0.0,0.0,0.0,1.0,1.0,51.,38.,222,31.,1.0,0.0,0.0,3.0
7.0,3.0,0.0,0.0,0.0,1.0,1.0,51.,38.,222,31.,1.0,0.0,0.0,3.0
1.0,3.0,0.0,0.0,0.0,1.0,1.0,15.,46.,222,25.,1.0,2.0,0.0,8.0
1.0,3.0,1.0,0.0,0.0,0.0,1.0,12.,34.,222,25.,1.0,2.0,0.0,24.
1.0,3.0,0.0,0.0,0.0,1.0,1.0,51.,38.,222,31.,1.0,0.0,0.0,3.0
2.0,3.0,0.0,0.0,0.0,1.0,1.0,51.,38.,222,31.,1.0,0.0,0.0,3.0
6.0,3.0,1.0,0.0,0.0,0.0,1.0,26.,30.,222,19.,3.0,0.0,0.0,2.0
6.0,3.0,0.0,0.0,1.0,0.0,1.0,36.,33.,222,30.,1.0,2.0,1.0,104
1.0,3.0,0.0,0.0,0.0,1.0,1.0,17.,31.,222,25.,1.0,3.0,0.0,8.0
3.0,4.0,1.0,0.0,0.0,0.0,1.0,26.,28.,246,24.,1.0,1.0,2.0,8.0
3.0,4.0,1.0,0.0,0.0,0.0,1.0,10.,37.,246,28.,1.0,0.0,0.0,8.0
4.0,4.0,0.0,0.0,1.0,0.0,1.0,52.,28.,246,27.,1.0,1.0,4.0,8.0
5.0,4.0,0.0,0.0,1.0,0.0,1.0,25.,47.,246,32.,1.0,2.0,1.0,8.0
6.0,4.0,1.0,0.0,0.0,0.0,1.0,29.,33.,246,25.,1.0,2.0,2.0,8.0
7.0,4.0,0.0,0.0,0.0,1.0,1.0,26.,30.,246,19.,3.0,0.0,0.0,2.0
3.0,4.0,1.0,0.0,0.0,0.0,1.0,17.,31.,246,25.,1.0,3.0,0.0,24.
4.0,4.0,0.0,1.0,0.0,0.0,1.0,22.,40.,246,22.,2.0,2.0,0.0,2.0
4.0,4.0,0.0,0.0,0.0,1.0,1.0,13.,50.,246,31.,1.0,1.0,0.0,3.0
4.0,4.0,0.0,0.0,0.0,1.0,1.0,52.,28.,246,27.,1.0,1.0,4.0,2.0
5.0,4.0,1.0,0.0,0.0,0.0,1.0,10.,37.,246,28.,1.0,0.0,0.0,2.0
7.0,4.0,0.0,0.0,0.0,1.0,1.0,11.,37.,246,29.,3.0,1.0,1.0,8.0
7.0,4.0,0.0,0.0,0.0,1.0,1.0,26.,30.,246,19.,3.0,0.0,0.0,2.0
3.0,4.0,0.0,0.0,1.0,0.0,1.0,26.,28.,246,24.,1.0,1.0,2.0,8.0
4.0,4.0,0.0,1.0,0.0,0.0,1.0,16.,32.,246,25.,3.0,0.0,0.0,3.0
7.0,4.0,0.0,0.0,0.0,1.0,1.0,26.,30.,246,19.,3.0,0.0,0.0,2.0
4.0,4.0,0.0,0.0,0.0,1.0,1.0,12.,34.,246,25.,1.0,2.0,0.0,4.0
6.0,4.0,0.0,0.0,1.0,0.0,1.0,26.,28.,246,24.,1.0,1.0,2.0,8.0
6.0,4.0,1.0,0.0,0.0,0.0,1.0,13.,50.,246,31.,1.0,1.0,0.0,2.0
7.0,4.0,0.0,0.0,0.0,1.0,1.0,26.,30.,246,19.,3.0,0.0,0.0,2.0
1.0,5.0,0.0,0.0,0.0,1.0,1.0,11.,37.,237,29.,3.0,1.0,1.0,8.0
3.0,5.0,0.0,0.0,1.0,0.0,1.0,15.,41.,237,28.,4.0,2.0,2.0,3.0
3.0,5.0,0.0,0.0,0.0,1.0,1.0,16.,32.,237,25.,3.0,0.0,0.0,2.0
3.0,5.0,1.0,0.0,0.0,0.0,1.0,10.,37.,237,28.,1.0,0.0,0.0,3.0
3.0,5.0,0.0,0.0,0.0,1.0,1.0,20.,43.,237,38.,1.0,1.0,0.0,8.0
4.0,5.0,1.0,0.0,0.0,0.0,1.0,26.,30.,237,19.,3.0,0.0,0.0,1.0
4.0,5.0,0.0,0.0,0.0,1.0,1.0,31.,40.,237,25.,1.0,1.0,1.0,2.0
4.0,5.0,1.0,0.0,0.0,0.0,1.0,15.,41.,237,28.,4.0,2.0,2.0,8.0
5.0,5.0,0.0,0.0,1.0,0.0,1.0,26.,43.,237,25.,1.0,2.0,1.0,64.
5.0,5.0,0.0,0.0,0.0,1.0,1.0,15.,41.,237,28.,4.0,2.0,2.0,8.0
5.0,5.0,0.0,0.0,0.0,1.0,1.0,26.,30.,237,19.,3.0,0.0,0.0,2.0
1.0,5.0,0.0,0.0,0.0,1.0,1.0,13.,50.,237,31.,1.0,1.0,0.0,2.0
2.0,5.0,1.0,0.0,0.0,0.0,1.0,13.,50.,237,31.,1.0,1.0,0.0,3.0
2.0,5.0,0.0,0.0,0.0,1.0,1.0,10.,37.,237,28.,1.0,0.0,0.0,1.0
2.0,5.0,0.0,0.0,0.0,0.0,1.0,13.,50.,237,31.,1.0,1.0,0.0,0.0
3.0,5.0,0.0,0.0,0.0,1.0,1.0,26.,30.,237,19.,3.0,0.0,0.0,2.0
3.0,5.0,0.0,0.0,0.0,0.0,1.0,49.,36.,237,21.,1.0,2.0,4.0,0.0
5.0,5.0,0.0,1.0,0.0,0.0,1.0,22.,40.,237,22.,2.0,2.0,0.0,1.0
1.0,5.0,1.0,0.0,0.0,0.0,1.0,12.,34.,237,25.,1.0,2.0,0.0,48.
1.0,5.0,1.0,0.0,0.0,0.0,1.0,16.,32.,237,25.,3.0,0.0,0.0,8.0
3.0,5.0,0.0,0.0,0.0,1.0,1.0,31.,40.,237,25.,1.0,1.0,1.0,8.0
3.0,5.0,1.0,0.0,0.0,0.0,1.0,22.,40.,237,22.,2.0,2.0,0.0,8.0
3.0,5.0,1.0,0.0,0.0,0.0,1.0,26.,28.,237,24.,1.0,1.0,2.0,3.0
4.0,5.0,1.0,0.0,0.0,0.0,1.0,16.,28.,237,25.,2.0,0.0,0.0,8.0
4.0,5.0,0.0,0.0,0.0,1.0,1.0,16.,32.,237,25.,3.0,0.0,0.0,2.0
4.0,5.0,0.0,0.0,0.0,1.0,1.0,31.,40.,237,25.,1.0,1.0,1.0,2.0
