label,id
0,7244
1,10427
1,8828
0,3071
1,3790
1,12320
0,2726
1,3595
0,7290
0,11481
1,6284
1,10879
0,10337
1,6088
0,3330
0,8932
0,7931
1,10864
0,924
0,1663
1,4300
1,12012
0,9091
1,11975
0,1232
0,9841
0,11327
0,428
1,5784
0,5541
1,1086
0,2688
0,6991
0,3290
0,9729
1,9873
1,2895
1,11279
0,2594
0,2188
1,7998
1,10501
0,976
0,3460
1,3909
0,720
1,9345
1,349
0,1827
1,8350
1,10758
1,4289
0,11299
0,7667
0,4365
1,1144
0,4296
1,10990
0,9320
0,3456
0,606
1,4998
0,4994
1,10998
1,9396
1,4505
0,10267
0,6826
1,4319
0,3517
0,8462
0,1936
1,7860
1,6192
0,4409
0,1303
1,1506
1,6217
0,4514
0,5352
0,11914
1,4415
1,5610
1,7622
1,9467
1,718
0,1740
0,6085
0,107
0,7919
0,11323
1,5165
1,9569
0,5334
1,5852
1,11093
1,7487
0,6894
0,8987
0,4495
1,7538
0,213
0,11463
1,298
1,5383
1,5061
1,4049
1,3928
1,9851
1,1087
0,11075
1,10837
0,8258
1,6294
1,7553
1,2365
0,6705
0,1685
1,3956
0,10746
0,7943
1,6073
0,2218
1,2280
1,2067
0,2433
0,5709
1,5121
1,3260
1,9234
0,1511
1,3261
0,4344
1,11892
0,6733
0,8517
0,8555
0,10987
1,8169
1,12491
1,11825
1,415
0,11578
1,2737
1,2648
0,3392
0,4529
1,2114
1,3338
0,1164
0,2883
1,5450
0,11208
0,1302
1,6999
0,10170
1,848
0,10397
0,7731
1,5035
0,3573
0,8690
0,10161
1,8430
0,2779
1,9285
1,8533
0,9311
1,4126
0,4530
1,548
0,2225
0,10159
0,7535
0,2233
1,3379
0,2906
1,2476
1,1653
0,260
0,10201
1,5966
1,7952
1,5778
0,11711
0,5259
1,7841
0,10944
1,2605
0,3313
1,9626
0,75
0,12306
1,5573
0,10173
0,570
0,3839
1,8993
1,5593
0,1103
0,10882
1,4299
0,7951
0,11402
0,3462
1,11541
0,11807
0,10469
1,5892
1,5339
1,5821
1,1922
1,1476
0,288
0,10959
1,7912
1,3270
0,9795
0,9638
1,1405
1,2001
1,9926
1,11340
0,7194
0,9875
1,489
1,8162
0,10287
1,6253
0,202
0,8451
0,1194
1,10556
1,5505
1,4235
0,5368
1,2101
1,4333
0,9905
0,5517
1,6428
1,11877
1,11535
0,6697
1,6734
0,7295
1,7892
0,7272
1,8745
1,4044
0,10471
0,6270
0,12101
0,1636
0,233
0,3964
1,1219
1,5157
1,5180
1,6402
0,9803
1,6041
0,6167
1,807
0,2427
0,7419
0,6604
1,7327
0,8041
1,10443
1,5718
1,1516
1,11253
1,9106
0,4932
0,1520
1,7463
0,5016
0,5616
1,7835
0,8236
0,921
0,10865
1,10060
1,724
1,10600
1,3315
0,1026
0,10669
1,3567
1,5631
1,3661
1,7454
1,9470
1,6885
0,2593
1,7043
0,623
1,9410
0,11616
0,539
0,4262
1,6480
0,8213
0,7187
0,11949
1,11584
1,5302
0,9049
0,12484
0,10271
0,5312
1,3061
1,3
0,8967
1,630
1,11956
0,8605
0,10957
1,8789
0,7682
1,5041
1,9806
1,10715
0,4389
0,8566
0,2832
1,1639
0,11433
0,10814
1,6831
1,4937
0,3617
1,1591
0,6322
0,4883
1,5171
1,6742
1,2710
0,9226
0,4064
1,1957
1,7555
0,1613
0,9076
1,178
1,552
0,6371
0,1602
0,11777
0,8237
0,4017
1,8827
1,6869
0,6190
0,1703
0,9042
1,48
0,3275
1,11677
1,940
1,2481
0,6031
0,4418
0,6413
1,10984
0,11028
0,9754
0,4579
0,7954
0,6917
1,8223
1,2045
0,11564
1,757
1,7088
0,4146
0,4908
0,9656
1,8864
0,4403
1,1019
1,736
1,2083
0,3386
0,8308
0,5889
0,10834
1,8283
0,1523
0,10373
0,8825
0,8501
0,8941
0,105
0,909
1,10966
0,4371
1,3116
0,9972
0,12190
1,1066
0,1777
0,3163
1,7719
0,8671
1,5895
1,3464
1,11413
1,4469
0,5483
0,7640
0,8549
1,5293
0,7363
0,7546
0,10130
0,8916
0,93
1,9861
0,4851
0,8711
0,1723
0,3866
0,6204
1,3119
1,6728
1,7696
1,713
0,2068
0,9998
0,3197
1,11016
1,9934
0,3518
1,3923
1,2224
0,4582
0,4735
1,6457
0,6256
0,7020
1,1486
1,8215
1,2704
0,5611
1,12064
0,8060
1,4092
1,3070
1,3655
1,5904
0,8876
0,4961
0,8398
0,5475
0,6884
0,2899
0,10272
1,9022
1,3897
0,9945
1,3849
0,3151
0,8307
1,10683
0,10234
0,10820
1,3739
1,5395
1,5990
1,2240
1,5380
1,11071
0,1765
1,9690
0,6627
1,7922
1,1469
0,11983
0,3930
0,1896
1,5419
0,5374
0,2930
1,5504
1,450
0,3738
1,8878
1,2546
0,4532
0,4440
0,2885
1,12160
0,12116
0,5918
1,3585
0,1605
1,7848
0,11925
0,3056
0,10308
0,2794
1,11188
0,12441
0,758
1,7907
1,7531
0,7161
1,3894
1,572
1,8784
1,11370
1,1956
0,7676
0,2712
0,3046
0,9753
0,9596
0,4928
1,5836
1,7829
1,10026
1,11473
0,7330
1,8407
1,1863
0,2017
0,665
0,6555
0,6116
1,2223
0,1611
0,10532
0,1767
0,8659
1,10146
1,8077
0,329
0,2150
0,12168
0,12324
0,8081
1,823
0,8731
1,10466
0,5723
0,3013
0,9845
1,9118
0,6597
1,3837
1,8939
0,8264
0,8836
0,32
1,10494
1,6994
1,12268
0,2836
0,12466
0,4919
0,1300
1,6244
0,10520
0,10143
1,2945
0,4228
1,5311
0,4324
1,5815
1,10073
1,12490
0,8687
0,11063
0,7028
1,2455
0,5210
1,7455
1,706
0,9554
1,7439
1,4570
1,1306
1,535
1,6780
0,10184
0,12240
1,2568
1,3853
0,3536
0,34
0,5542
0,11507
0,11174
1,1115
0,304
0,2407
1,6503
0,8079
0,3175
1,6177
0,6250
1,4367
1,4073
1,6426
0,11172
1,46
1,6257
0,2610
1,3325
0,9007
0,2675
1,5308
0,9461
0,10499
0,9223
0,1028
1,5249
1,9777
1,1814
0,4133
0,8850
0,5609
0,3729
0,12071
0,3161
1,10415
0,5854
1,3391
1,4993
0,228
0,12468
1,11537
0,9211
1,958
0,748
1,9731
0,1749
1,9573
0,2650
1,12039
0,1651
1,9283
0,967
0,5178
0,5745
1,463
0,3854
1,9029
1,8816
0,1818
1,4382
0,6023
0,972
1,12075
0,10422
1,8953
1,2590
0,8837
0,267
0,3220
0,10174
0,4275
0,4066
0,772
1,1825
1,2727
1,3690
1,9104
1,7388
1,2916
0,4084
1,10592
0,514
0,10515
0,3452
0,10236
0,11820
0,2615
0,10383
1,707
1,12006
0,9929
0,3624
1,9284
0,116
0,2475
1,6443
0,2761
1,3372
1,9398
0,9759
1,4872
1,2843
0,2673
1,10036
0,6405
1,12379
0,11156
0,7669
0,5034
1,5952
1,7074
1,3858
0,1926
0,566
0,4065
1,10332
1,626
0,10867
0,1071
0,11115
1,1786
0,5313
1,3141
1,8719
1,1051
0,16
1,3323
0,5818
1,3960
0,9508
0,6069
0,10417
1,7193
0,7304
0,7868
1,2451
0,10229
1,4847
0,9328
0,10624
1,8935
1,9850
1,6453
0,12066
1,8591
0,1148
0,8945
0,9752
0,11432
1,4164
1,1470
0,2713
0,6595
1,2310
0,103
1,275
0,1933
0,1913
0,4060
1,368
1,9747
1,3659
1,2927
0,144
0,6553
0,2577
0,5704
0,3931
0,1631
1,6180
0,7233
0,3999
1,12189
1,9769
0,291
1,1630
0,5546
0,11900
0,4225
0,249
1,4350
1,2830
0,1973
1,479
1,431
1,3506
1,7932
1,7818
1,9681
0,5566
1,2792
0,4265
0,9685
0,8729
0,9527
0,3110
0,6336
0,2932
0,11946
1,10667
0,9760
0,5960
0,7025
1,5938
1,10909
0,9864
0,10290
0,12428
1,7901
1,7647
0,4140
1,11987
0,872
1,1468
0,3107
0,5320
1,7725
0,8491
0,10363
1,6293
0,10797
0,5956
1,1376
0,11215
1,7395
0,6788
0,3326
1,2185
1,5377
0,4240
0,8312
0,3268
1,1914
0,4863
1,9138
0,2882
1,10698
1,8927
0,3734
0,8429
1,955
1,11650
0,3033
0,7560
1,5430
0,12108
0,4517
0,1528
0,6618
0,5295
1,12382
0,2803
0,1702
1,4679
0,3287
0,11384
1,62
0,10296
0,2039
1,11117
1,2834
1,2249
1,4194
1,7367
1,9335
0,5974
0,9438
1,4304
0,2401
1,6111
0,11813
0,9860
1,710
0,9406
1,10888
1,4543
1,4715
1,6398
0,1379
1,10500
0,3431
1,12114
0,5208
0,10068
1,9548
1,5768
0,3118
0,9408
0,6472
1,3279
0,9824
0,7012
0,9195
1,8102
0,2937
1,2016
0,1015
0,2665
1,6663
0,6
0,9528
0,7024
0,996
0,12102
0,7307
0,9206
0,7021
1,3101
0,7986
1,4280
1,10245
1,3384
1,3694
0,2503
0,10757
1,1619
0,8260
0,4985
0,2027
1,2973
1,9253
0,9039
1,11015
1,5765
0,6714
0,3654
0,3830
1,3756
0,1119
0,1208
0,8211
1,9630
1,1449
0,4506
1,3783
0,10128
0,10388
1,5049
1,4219
0,8366
1,4385
1,3032
1,7364
0,9420
1,5613
0,7743
1,3527
1,2510
0,488
1,6583
1,2129
1,5705
1,1429
1,9956
0,526
1,5456
1,1350
0,628
0,2699
0,2414
1,5532
0,7611
0,4172
1,4942
0,9219
0,660
0,12398
1,3495
0,1062
0,3040
0,1259
0,3868
0,2346
1,6093
1,11699
0,1969
1,6820
0,6258
1,2198
0,10893
0,2692
1,3893
0,36
0,589
0,7483
0,732
1,8392
0,6505
0,11637
0,9838
1,4677
0,9910
0,953
0,10460
0,10109
0,10792
0,2291
1,4676
1,6070
0,9189
0,12095
0,8267
0,4380
1,8343
1,6473
0,12230
0,1683
0,7589
0,7602
1,2664
0,11724
0,3510
1,2174
1,1546
0,11610
0,8409
1,6356
0,8770
0,2394
1,5946
0,8886
0,3883
0,12457
1,3778
1,513
1,9785
1,693
0,10441
0,5261
0,416
1,4358
0,2097
0,3992
0,9176
0,11404
1,3651
1,29
1,7423
0,5197
1,4027
1,8464
0,1307
0,8551
1,10869
0,1447
1,2215
0,2203
0,3834
0,7094
1,8792
0,7191
0,11163
0,11121
1,10903
1,9713
1,9823
1,1773
1,4783
1,8378
1,7141
0,3228
0,5980
0,3714
1,868
1,7543
0,3222
0,9371
0,11338
1,9255
0,3702
0,6807
0,3002
1,10323
0,1775
0,6989
0,10072
1,65
0,11667
1,12380
1,8080
1,1573
0,12077
0,2023
0,224
0,7072
0,2289
1,12076
1,10503
0,1907
0,2981
0,2760
1,9776
0,6925
0,2749
0,9870
1,9054
0,9526
1,2556
0,5477
1,892
0,4503
1,159
0,3730
0,4536
1,10034
1,2543
1,7334
0,11784
0,11311
1,76
1,6923
1,9058
1,9607
0,9876
0,3589
0,12215
1,8279
1,833
1,1706
0,1930
0,6397
0,9670
0,883
0,875
0,717
1,1580
0,12044
0,8870
0,11832
1,10258
0,2580
1,9500
0,1160
0,659
0,9120
0,9482
1,41
0,1033
0,2591
1,4720
0,8612
1,5405
1,2795
0,10906
0,906
0,3060
0,2432
1,6955
0,7597
1,1728
1,4815
1,4025
1,12170
1,1070
1,4208
0,9307
0,4614
1,7279
0,7727
0,10702
0,6247
0,2961
1,4635
0,150
0,10748
0,3482
0,194
1,7735
1,6377
0,10463
0,10019
1,9836
1,8276
1,6599
0,8801
1,7908
0,5891
1,2482
1,7200
1,1334
1,8790
1,2521
0,6363
0,1885
0,12110
0,6378
0,3126
0,1286
0,1454
1,7465
1,10263
0,8456
0,8585
1,594
0,8235
0,9977
1,204
1,11835
1,1175
1,12412
0,3341
0,1234
0,7713
0,2754
0,7340
0,7905
0,2123
0,5791
1,11269
1,5845
1,4775
1,5239
1,11262
1,7461
0,9813
0,9532
1,7548
0,2954
0,1344
0,1626
0,5278
1,2308
0,5268
1,8695
0,12133
1,1962
0,3663
0,11177
1,11211
1,12316
1,6187
1,4323
1,190
1,3637
0,1650
1,7359
0,3678
1,12323
0,6692
0,7515
1,9869
0,7958
0,4188
0,7936
0,4158
0,6594
1,66
1,10633
1,2544
1,2651
0,456
0,1616
0,6538
0,2137
1,12328
1,3943
0,6141
0,3584
1,5827
1,10043
1,4736
1,6240
0,819
0,100
1,9497
0,11837
0,10663
1,2186
0,8525
0,5630
1,8422
0,11477
1,10695
0,8218
0,2715
1,2911
1,9083
0,7781
1,7799
0,7746
0,5621
1,1385
0,11119
0,7529
0,10735
0,2448
0,3750
1,10616
0,8573
0,7034
0,6151
1,10510
0,442
0,7692
0,328
0,5472
0,1046
1,6449
1,9167
0,1135
1,9246
0,4707
0,4377
0,7985
1,10565
1,6094
0,7217
1,3254
1,3147
0,10462
1,5113
0,3282
1,9273
0,8027
0,7232
1,9586
0,11003
1,1529
0,2059
1,6160
1,6399
1,3095
1,2416
1,2626
1,8699
1,3967
0,1245
1,10946
0,4606
0,648
0,5979
0,7866
0,920
1,4516
1,3364
0,1246
0,8417
1,7347
0,1491
0,2230
1,10134
1,595
0,586
0,7027
0,538
0,5319
1,5425
1,3420
1,11810
0,1348
1,131
0,671
0,6656
1,5604
0,6120
1,10053
0,6346
0,3286
1,8736
0,254
1,8917
0,8523
0,9793
1,7231
0,10200
1,4763
0,374
1,222
0,564
0,10394
0,5170
0,8145
0,7496
1,4841
1,5072
1,6901
0,5193
0,6669
1,12156
0,3249
1,11656
1,2258
0,5945
0,1698
0,5612
1,4191
1,12259
1,11232
0,3872
0,9509
0,6235
1,7949
0,4923
0,12353
1,7403
0,6719
1,3563
0,3577
0,7386
1,4121
1,2445
1,4935
0,12482
0,130
0,2680
1,8821
0,10638
0,10511
0,10065
1,5752
0,5727
1,1730
1,1411
1,6585
1,9639
1,8658
0,1823
0,9235
1,8199
0,10256
0,5199
0,3305
0,2006
1,8324
0,4519
0,10199
1,8028
0,2461
0,10827
0,7438
0,4189
0,7071
1,6137
1,119
0,7584
0,8413
1,1155
1,7842
0,10643
1,845
1,5332
1,1916
1,10310
0,1128
1,7552
1,6139
0,6932
0,10301
1,12427
1,3089
0,11474
0,4995
0,11989
1,1989
1,5519
0,2124
1,1678
1,11617
0,5389
0,10498
0,9900
1,7758
0,8406
0,10939
0,5202
1,2154
0,4757
0,2975
1,2283
0,2168
1,1979
0,932
1,9067
1,2948
1,11411
1,688
0,3502
0,10055
0,10237
0,527
1,5928
0,8386
1,3588
0,8007
0,4771
0,11040
0,9150
1,7413
1,9164
0,10401
1,11629
1,1768
1,2160
0,6068
0,7910
0,7242
0,4487
1,8739
1,523
1,2541
1,746
0,7882
0,1607
1,11320
0,6983
1,5958
0,2859
0,4523
1,7117
1,5656
0,1346
0,9306
0,9719
0,11042
1,3437
1,3152
1,8003
1,7374
0,11839
0,1886
0,4419
1,10585
1,5344
1,10268
1,2196
0,441
0,11052
0,11973
0,10536
0,8233
1,6134
1,4596
1,9321
1,7326
1,8216
1,3625
1,5015
1,2634
0,6391
1,11823
0,1049
1,1272
0,10250
1,5187
0,5937
1,3515
1,3508
0,11905
0,6867
1,78
1,9269
1,9236
1,3718
1,8966
0,5556
0,4183
1,4643
0,4334
0,4452
1,2861
1,11539
0,7965
1,3321
1,11222
1,6720
1,3512
1,7404
1,10855
0,4335
1,7645
1,1312
0,6337
1,1581
0,8608
0,9486
0,1674
0,7090
0,11737
1,2702
0,11682
0,7229
0,3668
0,11364
0,11594
0,1875
1,11113
0,3180
0,2639
0,10325
1,7577
0,1172
1,4511
0,8512
1,6774
0,5040
1,9943
0,2989
1,8590
1,876
0,5802
1,11696
0,4898
1,112
0,8183
0,4118
0,9862
0,6166
0,5934
1,4031
1,4688
0,4298
0,7397
1,1843
0,320
0,5986
1,5754
1,5684
1,3807
0,3017
0,9538
1,9814
1,8096
1,742
0,8743
0,9261
0,4906
1,5955
1,1878
0,8593
0,4836
1,1966
0,1833
0,6724
0,11106
0,1783
1,11907
0,382
0,10579
0,3795
1,8779
1,8019
0,3440
1,1420
1,27
0,10994
1,6188
0,9491
0,2825
1,6771
1,652
1,1970
0,8453
1,11459
0,7103
1,4130
1,5810
0,3887
0,2105
1,5585
1,6162
1,2210
1,1174
0,3429
0,7514
1,3600
1,3401
0,1545
1,5789
0,7345
0,1337
0,5941
1,11201
1,6404
1,7181
1,4215
0,4853
1,8411
1,7430
1,1788
0,1396
0,300
0,9666
0,8401
0,4609
0,7383
1,5146
1,6950
0,1397
1,4282
0,7466
1,10591
1,6992
1,10993
0,9741
0,12288
0,122
1,6852
1,1856
0,9113
1,12237
1,9217
0,12209
0,596
0,11220
0,11131
1,4243
1,8114
1,5090
0,4089
1,8622
1,861
1,4890
1,346
0,11572
0,11534
0,9485
0,8526
1,9664
0,9888
1,12033
0,9822
0,3371
1,7135
0,3090
1,1634
0,4222
0,9502
0,8126
1,11159
0,9303
1,2616
0,8752
1,6438
1,2695
0,580
1,8369
1,3028
1,3910
0,2003
0,3571
0,9060
0,1256
0,11243
1,10636
0,2814
1,4429
0,11374
0,5296
0,12497
0,11743
0,851
0,6971
0,5837
1,5620
0,5075
1,2284
1,11036
0,2872
1,5635
0,4159
0,1310
0,11546
0,5664
0,7406
0,6282
1,3985
1,5371
0,1779
1,8230
0,5829
0,206
0,8841
0,2375
0,9166
0,505
0,3123
0,11368
1,4680
1,834
0,11256
0,2720
0,7277
0,6745
0,4254
0,6996
1,1739
0,9403
1,1095
0,3264
0,6333
0,8472
1,8326
1,6320
0,12469
1,5693
0,11291
1,4625
0,5139
1,4555
0,129
0,850
1,8680
1,9965
1,2527
1,4826
1,7121
1,7055
0,11639
0,2091
0,4701
0,11058
1,9212
0,4844
0,7322
1,12448
0,12120
0,7939
0,9373
1,495
0,1668
1,2827
1,1173
0,11993
1,8812
0,11619
1,10968
1,10688
1,4102
0,1847
1,1642
1,908
1,8688
1,2566
1,8263
0,2557
0,8059
0,5054
0,7382
0,678
0,7533
1,2358
1,6607
1,226
0,5105
1,4616
0,5084
0,9225
1,3160
0,5482
1,2940
0,10398
0,5309
0,5597
0,8204
1,319
1,5020
0,426
1,6466
0,7125
1,9108
0,7571
1,4624
1,7869
0,5847
0,11894
1,152
0,2596
1,3400
1,1732
1,7517
1,4559
1,4588
0,614
0,7540
1,11034
1,6676
1,4104
0,218
0,12218
0,8244
0,1309
1,8037
0,5835
0,3403
1,11202
1,2406
0,4653
0,6446
1,2589
0,6946
1,11795
1,7620
1,11217
0,9625
0,4316
0,4746
0,1555
1,8897
0,2863
1,5536
1,9413
0,7767
1,8433
1,9736
0,1897
1,7567
1,2875
1,6082
0,5095
0,10416
0,10495
1,5402
1,2763
1,7694
1,5492
1,11153
1,12184
0,11049
0,11596
1,3596
1,11816
1,7206
0,12305
1,6668
0,7310
0,2586
1,6772
0,10279
1,7967
1,8485
1,6107
0,11726
0,11099
0,3380
1,11688
0,7145
1,2121
1,8992
0,12437
1,6123
0,10340
1,4562
0,5149
0,8313
1,5514
0,7889
0,3666
0,4139
1,9161
0,1597
0,2652
1,6254
0,6048
0,2707
1,3273
0,10286
0,11446
1,12300
0,849
1,12228
0,6110
1,2952
1,8924
0,2862
1,8066
1,9677
1,6674
1,9453
1,7318
1,11043
0,2191
0,10860
0,4781
0,8321
0,525
1,11733
0,5290
0,4572
1,2385
1,5653
1,11781
1,3212
0,11479
0,7453
0,12360
0,7968
1,7880
1,5304
0,8115
1,7918
0,11736
0,11434
1,7616
1,6544
0,12144
1,9036
1,6847
0,9460
0,12194
1,10675
1,1340
0,1390
1,7524
1,2748
0,7087
0,12479
0,5840
1,10731
0,2995
0,11703
0,12053
1,1912
1,3749
0,4269
0,58
1,7542
0,7924
0,3135
1,12131
1,11334
1,6652
1,9708
1,2722
0,2130
1,691
0,1084
0,556
0,6444
1,1217
0,8482
0,6268
1,7816
0,8013
1,9435
1,1787
0,5416
0,10751
0,169
1,3192
1,9445
0,8421
1,7267
0,6768
1,1801
0,8120
0,12389
0,5764
1,8234
1,4867
0,11436
1,9304
1,3580
0,7591
0,4584
0,8563
1,2043
1,5048
0,5110
0,10226
0,9722
0,7329
1,3521
1,11645
1,350
0,4097
0,9540
0,9035
1,11824
0,7638
1,3301
1,2157
0,6304
0,1927
0,9348
0,7583
1,7789
0,10127
1,6670
1,3367
0,602
0,6954
1,111
1,6688
0,6415
0,2014
0,5436
1,8364
0,3021
1,5850
0,6456
1,3879
1,6223
0,6437
0,551
1,12498
0,3423
1,1402
0,5695
0,7391
1,6819
0,11779
0,9616
1,5992
0,6343
0,8353
1,394
1,11425
0,4398
0,5005
0,376
1,2868
0,4533
0,1230
0,10312
1,12471
0,4437
0,2744
0,4648
1,9394
1,95
1,2260
0,7173
0,5909
1,5191
1,7076
0,11362
1,5490
1,6949
1,12273
0,11285
1,421
0,2213
1,11809
0,4039
0,157
0,7306
0,7286
1,8440
1,6926
1,9589
1,8521
1,3345
1,10558
0,4386
0,4920
0,2668
1,265
0,1064
0,6360
0,8447
0,8436
0,2582
1,10593
0,8282
0,10965
0,3797
0,9883
1,2806
0,512
0,6059
1,9204
0,785
0,6817
0,9575
0,3053
1,1705
0,11455
0,10111
1,11066
0,12123
0,7297
0,5028
0,2690
1,11516
1,7300
1,9200
0,5757
0,10947
1,1658
0,9927
1,6773
0,1213
1,317
0,3825
1,6980
0,7262
0,11708
1,8544
1,9193
1,9674
1,4778
1,4664
0,8781
0,7509
0,6164
1,4849
0,11971
0,5424
1,1855
1,9026
0,20
0,12100
1,9301
1,6849
1,1010
1,1436
1,8788
0,8119
1,2388
0,10031
1,11941
1,2007
0,1467
1,632
1,5995
1,8898
0,462
0,10674
1,6200
0,7709
1,12409
0,795
0,391
1,6305
1,7595
0,7058
0,2413
1,7544
1,9599
1,11928
0,11348
0,9896
1,12298
1,7008
0,3333
1,3724
1,2755
0,11001
1,7608
1,10705
0,10539
1,10689
0,2528
1,6045
0,9288
0,7070
0,11060
1,3722
1,4818
0,7992
0,5711
0,5192
0,7734
1,1261
0,9615
0,1295
1,5470
0,8397
0,6119
1,6832
0,4899
1,2656
1,4341
0,933
0,9459
1,9409
0,990
0,2775
1,5220
1,11231
0,2314
1,5860
1,384
1,10141
0,7590
0,5126
1,11647
0,8248
0,494
0,9566
0,10664
0,1099
1,251
0,10205
1,6241
0,7215
0,1666
1,3500
0,104
0,928
1,11627
1,8733
1,4080
1,9590
1,8197
0,10806
0,5300
1,6331
0,2278
1,6800
0,10635
0,10467
1,3253
1,7346
1,5147
1,9661
0,3649
0,10713
0,7154
0,4392
0,7176
0,9256
0,5896
0,6171
1,6654
0,10980
0,10069
0,5444
0,5248
1,12062
0,9086
0,408
1,7766
0,11876
0,5160
1,501
0,7373
0,9081
0,10260
1,8589
1,11760
1,6806
0,12406
1,2478
1,3505
1,4424
1,11435
0,2410
0,4063
0,10830
0,7239
0,9160
1,2120
0,12349
0,4684
0,9636
1,12262
0,6504
0,6050
1,11312
1,9903
0,12462
1,11399
0,2234
0,5346
1,5464
0,1466
1,9312
0,1952
0,10118
1,11326
0,840
0,9543
0,11271
1,8332
0,1354
0,11748
0,4621
1,6510
1,1704
1,8148
1,4009
0,1963
1,8255
0,7108
0,9339
1,3552
0,12094
0,2320
1,12470
1,6355
1,6941
0,10759
1,1074
1,11417
0,2071
1,11080
1,7977
0,7451
0,11678
0,3207
1,7569
1,26
1,9609
0,1778
0,12020
1,12017
1,7836
0,6530
1,7133
0,7401
0,9046
0,6144
1,8121
1,8461
1,5795
0,2488
0,4592
1,878
1,7711
1,5350
1,12158
0,10420
1,5747
0,9390
0,2819
1,5203
1,12313
1,7902
1,2103
0,9694
1,5378
0,11888
0,7003
0,10277
1,5924
0,4374
0,7482
0,7895
0,210
1,3650
0,6937
1,12284
0,6234
0,9611
1,4176
1,11416
0,1641
0,1880
0,964
1,7875
0,11563
1,7114
0,8875
0,11096
1,5730
1,5703
0,9704
0,2902
0,701
1,12247
1,2638
1,4717
0,7365
0,10541
0,5151
0,5646
0,4150
1,1490
0,7444
1,87
1,8304
0,2473
0,3067
0,5423
1,6406
0,5657
0,9522
0,10775
1,8793
0,2149
0,1404
1,3682
1,6283
1,8442
0,8450
1,1393
0,2637
1,11261
1,3442
1,8642
0,2231
0,1349
1,6615
1,11553
0,12072
1,11429
1,9472
1,2997
1,1280
1,997
1,12177
0,6278
1,11881
0,11543
0,6066
0,4238
1,4986
0,11559
0,10575
0,1836
0,6080
1,9766
0,895
0,4425
0,2411
0,9676
1,5742
0,5163
1,3989
1,503
1,4408
1,1444
0,8815
0,6098
1,4969
1,1714
0,4752
0,9194
1,7505
0,8773
0,9145
1,2145
0,4933
1,8208
1,2993
0,8854
0,5297
1,1563
0,7387
0,10273
0,12261
1,10738
1,812
0,2563
0,163
0,12426
0,4046
0,4708
0,9787
0,9117
0,9012
1,3829
0,4768
0,12134
0,3443
0,437
0,7607
0,2119
1,7130
0,12003
0,184
0,3831
1,12165
1,2362
0,3005
1,11453
1,1333
0,8979
0,9426
1,395
0,5037
0,3388
0,11240
0,6458
1,11496
0,10953
1,5218
1,3927
1,7445
1,155
0,7657
1,3874
0,1069
0,2294
0,696
0,11358
1,5908
1,11140
0,7434
1,7166
1,7510
1,11302
0,4507
1,10766
0,4112
1,9001
1,3206
0,9341
1,12143
0,8848
1,7144
0,4488
1,11458
1,5670
1,5738
0,8908
1,3102
0,7850
0,1220
1,172
0,1023
1,8460
1,10233
0,390
0,5859
0,6441
1,11829
1,6606
0,2274
0,12181
0,9800
0,9640
1,983
1,9356
1,8539
0,4013
1,5779
1,1055
0,4550
0,3377
0,101
1,684
1,5822
0,957
1,8621
0,7675
0,2270
0,8727
0,10082
1,9981
1,8127
0,8068
1,7298
0,10955
1,5101
0,11228
1,11151
0,1439
0,4683
1,60
0,10032
1,2756
0,8176
0,9541
0,6791
0,6993
1,7798
0,3027
0,7629
1,10185
1,6899
1,661
1,9443
0,8270
1,8337
0,6165
0,11505
1,10601
1,11934
0,12141
0,7287
0,6440
1,7228
0,6613
0,10493
1,3962
1,5780
1,607
1,4823
0,5030
0,4038
0,8899
0,2762
1,8339
0,1313
0,3165
0,3772
1,11503
0,221
0,3190
0,4968
1,8982
1,6729
0,11991
1,10951
0,11658
1,3329
0,2206
0,1171
1,10825
0,6891
0,1475
0,6099
0,11068
1,5236
0,47
1,8180
1,5772
0,10058
1,5391
1,8516
1,9764
1,1437
0,11605
1,6972
1,10374
0,1867
0,10846
0,10630
1,4325
1,534
1,8057
0,10763
1,6467
1,5370
0,5767
1,240
0,1657
0,4134
0,12000
0,1820
1,3181
1,11980
1,6710
0,1304
0,5544
1,1722
0,3144
0,321
1,4812
0,8196
1,10320
1,1688
1,11997
0,6335
1,10027
0,6465
1,863
0,985
0,9033
1,1696
0,5547
0,3230
0,9856
0,5422
1,10732
1,9577
1,11782
1,8861
1,11406
1,4095
1,4327
0,7885
1,6834
0,11856
0,8741
1,5337
0,11444
1,10313
0,11360
0,2511
0,11613
0,8747
1,5428
0,6526
0,6495
1,10876
1,9313
0,6529
1,7772
0,1398
1,631
1,10244
0,2733
0,8138
1,1809
0,9052
1,650
0,8241
0,6339
1,3114
1,375
1,11665
0,3257
0,10318
0,2253
0,4003
0,6995
1,8936
0,4441
0,10137
1,10900
0,3167
1,5081
0,3712
0,8410
1,1351
0,10604
1,6737
0,7302
1,5399
0,5687
0,3753
0,8734
0,9950
1,9549
0,2967
1,1067
0,4012
0,7940
1,1498
1,2532
1,2227
0,452
0,11728
0,12258
1,10896
1,6749
1,5808
1,9062
0,6630
1,9202
1,970
1,4690
0,4285
0,9980
1,2739
0,10093
1,6000
0,776
0,1154
0,666
0,11872
0,773
1,11229
0,4011
1,791
1,7599
1,11125
1,10202
1,629
0,6755
1,9911
1,1009
1,2180
0,1923
1,1599
1,6573
1,8758
0,3042
0,8853
0,3036
1,9135
0,4450
1,10181
1,9920
1,403
1,11141
1,2573
0,5766
0,3232
1,12038
0,3781
0,4346
1,215
1,2494
0,3561
0,3020
0,8469
1,4078
1,4175
0,338
0,1322
1,5307
1,2110
0,11129
0,3944
0,8777
1,685
0,11410
1,9784
0,6693
0,2125
0,10910
0,6565
1,862
0,2025
0,2058
1,6469
1,4199
1,9277
1,7371
0,7137
0,2804
0,4595
0,3404
0,10977
1,12287
1,3358
1,6524
0,2402
1,4603
0,5999
1,8634
0,10005
1,9743
0,1571
0,8996
0,9379
0,10112
0,2698
1,10844
1,10327
0,7197
1,4252
1,2005
0,6196
0,8144
0,9689
1,4396
0,867
1,5969
0,4754
1,1633
0,7093
0,10309
0,10477
1,560
0,6758
0,4237
0,11500
0,2587
0,804
1,557
0,4751
0,8249
0,10744
0,1565
0,6863
1,3606
0,5263
0,8535
1,4210
0,4638
0,2841
0,1628
0,9653
0,9209
1,10251
1,12092
1,5021
0,6122
0,11456
0,10006
1,11363
0,10563
0,8910
0,1204
1,6246
1,4421
0,3476
0,11765
0,1020
0,959
0,1430
0,4462
0,4561
0,10745
1,10848
0,12265
0,3177
0,2852
1,11998
1,10400
0,6969
0,4593
0,4193
1,3184
0,4167
0,11917
0,492
0,8214
0,1946
1,241
0,1240
0,6202
0,10886
0,9121
0,10670
1,11774
0,7578
0,4337
0,2472
1,5509
0,2327
0,10937
0,9848
1,12111
0,1461
1,9835
0,4557
0,4182
0,1736
1,1888
0,3993
0,3458
0,4884
1,6027
0,4877
1,6646
1,11513
1,1525
1,2457
0,8851
1,8444
0,11788
0,11502
0,3397
0,5209
0,2370
0,9879
0,12264
1,3952
0,11746
1,6611
1,10730
0,3556
1,10919
0,2052
0,10913
1,8439
1,3812
0,10252
1,11139
0,5216
0,4945
1,5418
0,2201
0,7030
0,3885
0,11511
0,9691
1,10085
1,9493
0,9724
0,3233
0,6269
1,296
0,7778
1,7670
0,8618
1,9483
1,7082
0,80
1,887
1,9749
1,4726
1,7134
1,10448
1,6824
0,10346
0,3219
0,12150
1,7916
1,6577
0,2538
0,6795
1,10113
0,1474
1,8768
0,2190
1,4541
1,1590
1,5306
0,11798
0,7092
0,2894
0,4904
1,6708
1,9944
1,7393
0,9308
1,9968
1,9437
0,120
0,3365
0,4381
1,4845
1,1574
0,1716
0,3082
0,12197
1,2281
0,274
0,3843
0,12234
0,2379
0,3845
1,10518
0,1423
0,10988
0,7898
0,6344
1,3706
1,5905
0,5654
0,2363
0,11480
1,7136
0,5480
0,12164
0,10754
0,79
1,10092
0,8200
1,4354
0,3368
1,5135
1,761
0,7086
0,690
0,5364
1,6367
1,143
1,373
1,5469
0,8452
0,2147
0,8507
1,10952
1,8581
1,6813
1,2111
0,10945
1,3334
1,4976
0,11608
0,3800
0,10276
0,4200
0,4391
1,9947
1,10208
1,10230
0,587
0,11959
0,2696
0,12151
1,11932
1,11395
0,8266
0,1802
0,4355
1,3154
1,1114
0,5372
0,10125
1,2368
0,5085
0,3822
1,6839
1,6381
1,5951
1,5366
0,8178
1,10863
0,5927
0,11103
0,1665
1,3961
0,3873
0,476
0,11257
1,7785
1,6648
0,7178
0,12059
0,10546
1,6106
0,9149
0,9107
0,11689
0,3707
0,2298
1,9478
1,8955
0,8149
1,5481
1,3170
1,3351
1,220
0,1862
1,1816
0,2784
1,1860
0,6880
0,7684
1,6984
1,7115
0,7250
1,9867
1,5310
0,7432
1,5748
0,8492
0,8511
0,5398
0,8889
1,3817
0,10660
1,11878
0,10153
0,5362
1,7220
0,3234
0,10479
0,1747
0,11842
1,8771
0,4226
1,11804
0,4007
1,2869
1,5396
1,3937
1,6290
0,6416
0,11179
0,7878
0,9568
0,2152
0,1507
0,1982
0,8867
1,11723
1,2822
1,9415
0,8034
1,4242
0,763
0,3007
1,1800
0,4349
0,12355
1,1821
1,1442
0,9544
0,2024
1,9659
1,3433
1,5404
1,10342
1,10380
0,5272
0,12250
0,973
1,8212
0,497
1,5414
1,2447
0,5429
0,6434
0,12097
0,1073
0,5435
0,5801
0,11755
1,11520
1,2189
1,1207
1,5446
0,3881
1,5351
0,5008
0,760
0,4660
1,11464
1,3990
1,6602
0,4234
1,956
1,8399
1,9387
1,6229
0,2436
1,6307
1,8638
1,11970
1,11567
0,3159
1,10222
1,5578
0,12115
1,1905
0,9906
0,6383
0,9726
0,1456
0,7425
1,6379
1,10213
0,6678
0,8265
0,2247
1,3248
1,7500
1,5317
1,9633
1,8655
1,5070
0,1943
0,5788
0,493
1,2559
0,3337
1,6704
0,3560
0,7282
0,9392
1,8269
0,9327
0,12169
1,8416
0,1025
0,2657
0,11908
1,11297
1,3176
1,5400
1,12192
0,3793
1,7827
0,6581
0,4373
1,2509
1,9919
0,4835
0,6227
0,6836
0,4329
1,11054
1,9449
0,12125
0,2636
1,7993
0,9452
0,10577
1,1462
0,11568
1,1803
1,216
0,11219
0,5415
0,4568
0,11120
0,357
1,7765
1,1452
0,1159
0,7693
1,11586
0,8173
1,12366
0,4318
1,11576
1,4738
0,9631
1,6218
1,3684
1,2351
1,1684
1,21
0,3193
0,10894
0,11811
0,9343
1,2569
0,8318
0,1347
0,4762
1,12024
1,5831
1,7102
0,675
1,3425
0,6735
0,12174
1,1201
1,2923
0,7846
0,3295
0,10905
0,8584
0,2572
0,11270
1,5989
0,10819
1,9080
1,5660
0,3394
0,8954
0,7726
1,3155
0,3501
0,1451
0,6501
1,383
0,1324
1,1091
1,8488
0,4779
0,3263
0,8189
0,836
0,4395
1,4107
1,236
1,9967
1,8457
1,11791
0,9154
1,3988
1,5463
1,12028
1,56
0,5282
0,11558
1,9585
1,1369
0,6484
0,12255
1,2816
1,11897
1,6716
1,788
0,11350
0,9016
0,9095
1,1366
1,7078
0,9492
1,8807
1,6030
1,7700
1,6572
0,5511
1,515
0,6380
0,11931
1,7065
0,3686
1,6273
1,1382
0,10559
0,7824
0,5154
0,4266
0,3513
1,7213
0,3131
0,193
1,10701
1,4871
0,9791
1,9830
1,2602
0,5675
0,6601
0,9089
1,2599
0,4510
0,3777
0,2897
0,4975
0,6711
0,11518
1,5984
0,11891
1,839
0,11649
0,4672
0,8673
0,9096
0,5088
1,2383
1,59
1,1509
0,10017
0,6483
0,6571
0,12047
0,11235
0,2113
1,9045
0,2943
0,4236
1,6420
1,10599
1,9473
0,11999
1,9380
0,6903
0,3727
0,12423
0,10142
0,2382
0,10686
1,1822
1,457
1,9645
0,7258
1,4711
1,11152
1,8347
1,2628
0,3627
1,5052
1,6154
0,11184
0,8086
1,7190
1,11767
0,4076
0,8994
0,7549
0,5746
1,1006
1,7701
1,9671
1,3645
0,10813
1,7179
1,10525
1,355
1,7574
0,6890
0,7495
1,10357
1,1305
0,889
0,3447
1,1483
0,4741
1,10883
1,4834
0,11606
1,6828
0,8418
1,2158
0,2066
1,9646
1,8419
0,4153
0,5207
1,8510
1,5448
0,9015
0,4922
1,5412
0,4817
1,4206
0,1850
1,1644
0,6225
1,9561
0,4547
0,8997
0,11365
0,11509
1,2056
0,1465
1,7807
0,6624
1,10473
0,10607
0,4187
0,10930
0,4810
0,10978
1,5650
0,8231
0,10396
1,1925
1,12079
1,8143
0,5933
0,1502
0,1873
0,4459
0,12344
1,90
1,7353
0,1495
0,6556
0,3667
0,9468
0,7360
0,7888
1,10755
1,3664
1,1054
1,8344
1,9291
1,5756
1,5244
1,7195
1,1625
1,10209
0,10191
1,5916
0,1552
1,11046
0,1203
0,9494
1,6964
1,3891
0,12195
0,638
0,6008
1,9099
0,287
1,9258
1,3523
1,2342
0,3035
1,4411
1,10465
1,5177
1,4652
0,1589
0,6156
0,9865
0,135
0,4905
0,1378
1,9023
1,6118
0,11771
0,6357
1,2077
1,8791
0,10426
1,4468
1,5288
0,5260
0,2020
0,9010
1,10651
1,5782
1,10750
1,9886
1,2907
1,3105
0,6430
0,1222
1,1764
1,9680
0,9620
0,11452
1,7431
0,6011
1,1687
0,6930
0,5734
0,4965
1,3216
0,729
0,4527
1,9302
0,11912
1,6203
0,4366
1,7648
0,563
1,6554
1,2159
1,5063
1,2404
0,6096
1,11309
0,3173
1,3215
1,4909
0,5338
0,7085
0,4202
0,6748
1,832
0,11333
0,9351
0,1169
1,6523
1,6489
1,9326
0,11421
0,4173
1,10177
0,6782
1,12378
1,7440
0,3958
1,12235
1,10523
1,6315
0,6990
1,5798
0,5330
0,9278
1,10685
1,10895
0,1594
0,8150
1,2359
1,5527
1,2301
0,8022
1,11990
1,8333
0,6161
1,7209
0,8471
0,10353
0,5838
0,774
1,1947
0,10150
0,465
1,960
0,9790
0,10842
1,4393
1,176
1,9553
0,4058
0,2051
0,6696
0,1570
0,8925
1,7018
0,9122
0,2018
1,1311
0,6153
1,4946
0,6373
0,6940
0,2082
0,739
1,10502
0,2620
1,9342
1,5554
0,1583
1,6840
1,7321
0,10793
1,10548
1,5156
0,8089
1,5698
0,9374
0,7442
0,9946
1,2627
0,9137
1,1301
1,7913
1,6199
0,12126
0,99
0,12137
1,10281
0,3594
1,5361
0,6561
1,9758
1,3497
0,7688
0,5914
0,6325
1,10610
1,11484
0,8190
0,2603
1,11123
0,6372
0,1826
1,5512
1,7259
0,6765
0,5363
0,5115
0,4661
1,1553
0,8754
0,7049
0,2139
0,8217
1,8357
0,2667
0,10927
1,6703
0,11246
0,8536
0,7822
0,3486
0,1090
1,11805
0,8860
0,982
0,281
0,8135
1,5496
0,1375
1,5559
1,11194
0,733
0,11598
1,10189
0,5586
0,941
1,7747
1,4630
0,12135
1,1751
1,10138
1,6125
0,11132
0,6560
0,10916
1,6317
0,8594
0,11574
1,1620
0,12391
0,6494
1,8706
0,121
0,7038
1,7188
1,6277
0,9740
1,1725
1,5898
0,9605
1,3946
1,11170
0,9802
1,1236
0,6658
1,8527
1,10409
0,1869
1,4196
0,7080
1,4792
1,1329
1,8327
0,10647
1,777
1,7504
0,11695
0,2915
0,10102
1,2244
0,263
1,9563
0,6311
0,5057
1,1519
1,6620
1,5820
0,7867
1,8108
1,17
0,9712
0,8284
1,4483
0,7275
0,6921
0,10887
0,5770
1,9260
1,10298
1,3921
0,7632
0,7349
1,1908
0,7301
1,12364
0,4160
1,2878
0,8978
1,9521
0,6879
0,9983
0,10986
1,7470
0,8611
0,2723
1,10057
0,10014
0,4055
1,8259
1,7872
1,7631
0,7007
1,94
1,11035
0,9353
1,2679
1,1145
0,7617
0,4702
0,5001
1,3128
0,3327
0,10439
1,2035
1,981
0,5410
0,5681
0,6798
1,4974
0,2508
1,4471
0,5486
1,11316
0,6211
0,4204
0,2064
0,2522
0,9196
1,11037
0,1828
1,11673
0,11158
1,11227
1,1569
1,10438
0,9986
0,91
0,5138
1,11443
1,3086
0,8100
0,11275
1,4342
1,9826
1,4802
1,610
1,7264
1,7214
0,4887
0,3762
0,11710
0,9331
1,10584
0,6060
0,10840
1,6685
1,10581
1,8666
0,4509
1,10768
0,378
1,2504
1,2311
1,6074
1,9530
1,9290
1,11519
0,7223
1,3717
0,1388
1,11646
0,737
0,7897
1,10845
0,6677
1,9815
1,11915
0,8599
0,3516
0,4486
1,6591
0,663
1,6619
0,52
0,1796
0,12453
0,5813
1,2864
1,7104
1,8000
1,8855
1,173
0,7999
0,5647
0,1882
1,8722
1,3288
0,4360
0,2976
0,11263
0,5232
0,12224
1,2846
0,9746
1,12322
1,7110
0,1857
0,5981
0,4263
0,6500
0,1627
1,5493
0,11883
1,11521
1,5874
1,8592
1,11445
1,10544
0,365
1,1231
0,6975
0,3726
0,1623
0,4002
1,4767
0,8170
0,3537
1,1904
1,7469
0,8428
1,2008
1,11920
1,7653
1,2248
0,9979
0,7126
0,8602
1,558
1,9179
1,874
1,3519
1,8975
0,4589
0,2165
1,9270
1,3044
0,7777
1,4558
1,6264
1,5459
0,3965
0,3213
1,8528
1,8518
0,10016
0,2237
1,2381
0,7366
1,244
0,324
1,11849
1,7341
0,3698
0,6182
0,6859
0,7673
0,4278
1,11530
0,10206
0,12201
1,420
1,12178
0,51
1,1377
1,10384
1,341
0,10328
1,12359
1,5884
0,1316
1,2898
1,5431
0,11569
1,43
0,6392
0,9995
1,1530
1,10602
0,138
1,7960
1,5454
0,12375
1,110
0,10850
1,11329
1,6169
0,9383
1,9158
0,4470
0,8751
0,11508
1,11982
1,643
0,7234
1,7877
0,522
0,5065
0,10995
0,8832
0,10672
1,1846
1,7096
0,5599
1,935
0,3227
1,4390
0,10435
1,3674
1,8519
1,10354
0,10257
1,9175
1,971
1,829
1,2261
0,3296
1,11420
0,8383
0,3890
0,10480
0,1368
0,8976
1,10551
1,11267
0,8425
0,10013
0,2497
0,9116
0,11566
0,10522
0,3755
0,6744
1,5591
0,8125
0,174
0,1415
0,5043
0,8458
0,2880
0,3796
0,10456
0,1700
0,4008
1,4850
0,4896
0,9658
1,10178
1,9388
1,2232
0,12027
0,2633
0,3306
1,7982
0,703
0,10361
0,7804
0,8662
1,11030
1,10038
1,9619
1,1699
1,7138
1,8319
0,8750
0,749
0,7559
1,1424
0,3559
0,6558
1,8868
0,8744
0,8582
1,817
0,10948
0,5615
0,2166
0,3255
0,5877
0,1757
1,10940
0,1202
0,3258
1,4730
0,11056
0,10991
1,3758
0,3322
1,23
0,7207
1,616
1,6862
1,10720
0,12216
0,5855
1,12109
0,4618
0,7164
0,11008
0,10126
0,4115
1,7929
0,12334
0,7408
0,8558
1,8588
0,5182
1,7479
0,9961
1,9837
0,5720
0,8272
1,2900
1,2881
0,1453
0,2554
0,3137
0,4811
1,10284
0,578
0,11529
0,3823
1,8969
0,12301
0,4070
1,3396
0,22
1,1617
1,4575
0,9250
0,10119
1,6681
0,5690
0,9079
1,11867
1,11430
0,4552
1,6285
0,3978
1,8191
1,9168
1,12354
0,8408
0,8179
0,653
1,12022
1,5235
0,9309
0,7011
0,4716
0,11680
1,4858
1,2490
1,8159
0,12019
1,9516
1,2969
0,6848
0,803
1,10187
0,6521
1,10116
0,5222
1,8177
1,5507
1,2412
1,2518
1,7077
0,2321
0,2128
0,5500
0,11415
0,12140
1,7006
0,6874
1,3623
0,8356
1,1600
0,5994
0,1403
0,6271
0,2173
0,8154
0,4345
0,6053
0,4500
0,7091
1,4731
0,8718
0,9469
1,11385
0,9733
0,4868
1,11047
0,2815
1,12432
1,6460
0,9296
1,3582
0,2938
1,9000
1,5367
0,5749
0,7378
1,5601
1,2946
0,5781
1,4352
1,2889
0,11287
0,7146
0,562
1,11147
0,5792
0,5253
1,4113
1,7358
0,7046
0,2968
0,9782
1,6148
1,1237
1,5568
1,3877
1,7947
0,519
0,9594
1,6970
1,11792
1,12196
0,6633
0,7942
1,9014
1,6699
1,542
1,2092
0,6001
0,4154
1,10148
1,7874
1,6005
0,10847
0,6933
1,297
0,2934
1,12107
0,2866
1,4780
0,6261
0,4156
0,8576
0,890
1,5665
1,3148
0,207
0,1898
0,6838
0,2694
1,482
1,516
1,11013
1,11012
0,5169
0,2947
1,2579
0,6982
0,12485
1,2063
0,12119
1,2471
0,8006
0,7303
0,3332
0,11634
0,4458
1,6136
0,12346
0,6075
0,12296
0,3047
1,7457
1,885
0,2567
0,12387
1,4229
1,1871
1,3558
0,8660
0,9716
0,2773
1,6822
1,4554
1,9660
0,1221
0,10823
0,4760
1,4637
0,7710
0,8325
1,7644
1,11707
1,8882
0,9126
1,11654
1,2489
0,10008
1,581
0,12282
0,2711
0,12088
0,9090
1,2689
1,11332
1,12290
0,9130
1,5176
0,6228
1,1837
0,8834
0,8826
1,3787
0,3708
0,2292
1,5692
0,11349
1,1932
0,3776
0,12029
0,1124
0,12220
0,2395
0,11073
0,1459
1,2740
1,3039
0,11310
1,2635
0,5119
0,11974
1,4938
1,5948
0,5769
0,2178
1,3539
0,8391
0,4048
1,7823
0,1463
0,613
0,9884
0,4881
0,11097
0,6966
0,6147
0,7418
0,11898
1,6786
1,5231
0,5833
1,10484
0,10964
0,4493
0,4521
0,7830
1,4999
1,7769
1,2913
1,3490
1,1283
1,6929
1,9698
1,9294
0,8946
0,2924
0,7771
0,5721
0,7948
0,3745
1,10983
0,4209
1,49
0,10791
1,413
1,8224
0,9783
1,10421
1,4958
1,3658
1,2078
0,1107
0,3493
0,2574
0,6065
0,8522
0,9734
1,5488
1,5258
0,3851
1,6429
0,264
0,7974
0,7566
0,7268
1,12361
0,12138
1,5369
0,5246
1,1986
1,12183
0,6220
0,3474
1,12311
0,7575
0,7210
1,1139
1,7319
1,44
1,4580
1,7751
1,8448
1,10566
1,10925
0,4331
0,9993
1,11462
1,1737
0,5462
0,9399
1,4548
1,9084
1,5129
1,7525
0,11887
0,5575
0,10614
1,4259
1,7051
1,866
0,331
0,12011
1,5614
1,4567
0,8702
0,4019
0,12458
1,11213
0,7249
1,4915
1,5198
0,11797
0,12060
0,8221
0,9009
0,9662
0,7811
0,1760
1,1676
1,8847
1,25
1,11967
1,9266
1,2777
1,4539
0,10677
1,7520
1,2117
0,1338
0,1047
1,8809
0,7519
0,3150
1,9707
0,9028
0,2956
0,6459
1,7756
1,1331
1,6725
0,3541
1,5886
0,7955
0,8232
0,10007
0,6477
1,1672
0,8245
0,11135
1,422
0,1484
0,9699
1,10570
1,3024
0,4948
0,5044
0,2933
0,10809
1,8193
0,10331
0,1993
0,7089
1,4873
1,7674
1,11623
1,9560
0,2235
1,3237
1,5587
0,3043
0,11747
0,3029
1,12321
0,389
1,5783
0,10590
0,1550
0,3185
0,8171
0,4293
0,852
0,8194
1,3166
0,2364
1,5162
0,196
0,9053
0,9952
0,2728
1,828
0,4313
1,11065
0,1664
0,9376
0,1193
0,9496
0,12407
1,4190
0,3352
1,9358
0,5144
0,9844
0,1458
0,4719
0,6407
0,9668
0,6114
0,2821
1,8933
1,7579
0,3324
0,188
0,910
0,9924
0,10180
1,11490
1,9165
1,11306
0,2571
0,6690
0,1883
0,9878
1,5915
1,11347
1,3979
1,11084
0,6289
0,7740
0,6541
1,6957
1,7920
0,4513
0,6127
0,12159
0,8513
0,11899
0,5007
0,8873
1,2910
1,10632
0,9966
1,11828
0,4837
1,4590
1,11555
0,1254
1,10147
0,7808
1,1831
0,5
1,780
1,223
0,6172
1,5434
1,2604
0,12283
0,2501
1,2409
0,3604
0,3852
1,5100
1,11041
0,8973
1,11927
0,9953
0,2367
1,1939
1,3471
0,3695
1,10497
0,1763
0,8678
1,10488
0,12370
0,6752
1,10854
0,9065
0,11573
0,5888
0,5857
0,10157
1,5973
0,5762
0,8664
1,11242
1,4724
0,11525
1,10136
0,9892
0,722
1,870
1,6809
0,406
0,10897
0,11226
0,8587
0,1587
1,901
1,1200
0,8498
0,1582
1,3803
1,2420
1,752
1,1635
0,2929
0,10784
1,5004
1,312
0,10224
0,6778
1,12430
1,3586
0,10620
0,9367
1,3634
0,9088
1,7059
0,10183
1,1149
0,11045
1,6985
0,6185
0,5673
0,290
1,6499
0,2623
1,9362
1,5584
0,12001
1,11715
0,2565
0,10774
0,5683
0,5967
1,5426
1,4755
1,3378
1,11070
1,2719
0,11947
0,10338
0,6667
1,7350
0,6497
1,8137
0,3576
1,1108
0,2659
0,10020
0,12439
1,8797
0,8106
1,9006
0,1614
1,9765
1,10387
0,5964
1,12291
0,6776
1,7251
1,8542
1,1121
1,12422
0,1584
0,12373
1,6448
0,2512
1,10838
1,7375
0,6578
1,7294
1,8759
0,9337
1,1940
1,8548
0,3932
0,234
0,8783
0,8480
0,9665
0,4525
0,12227
1,8799
1,9669
0,3703
1,1542
1,7613
1,5539
0,12418
0,3250
0,3058
1,10872
1,12191
0,237
0,11390
0,1780
0,7015
0,3670
1,2438
0,9710
1,5936
1,2700
0,6427
0,7782
1,4401
0,1586
0,8195
1,11815
0,1285
0,5010
0,9990
1,7183
1,5118
0,1282
0,5489
1,4501
1,8388
0,5347
0,4687
0,10188
1,2336
1,5114
0,12272
1,3792
0,11264
1,9417
0,1895
0,3982
1,8023
1,212
1,11296
0,10756
1,6833
1,11439
0,8625
1,2561
1,10662
0,7292
0,9385
0,11493
0,1113
0,12166
1,5571
0,6801
0,9592
0,11367
1,1598
1,9144
0,11214
0,3320
0,9216
1,2738
1,1387
0,524
1,5437
1,3062
0,5179
0,604
0,8627
0,1480
0,10033
1,6684
0,10204
0,5686
0,8315
1,9021
0,9617
0,1044
1,695
0,9994
1,1279
0,12162
0,10679
0,1022
0,8052
1,6871
1,10144
0,7679
0,7155
0,11966
0,7107
1,3648
1,6214
1,2305
0,1752
0,8647
1,1068
0,4809
0,3599
1,10907
0,9768
0,7409
1,5978
1,10594
0,10369
1,3117
0,5624
0,1518
0,4959
0,5866
1,1056
0,7871
0,5606
0,2096
0,1992
1,6183
1,3272
0,609
1,9191
0,7280
1,3757
1,10326
0,6548
0,6057
0,7370
1,3196
1,11626
1,11427
0,9141
1,4033
0,5284
0,4094
1,2226
0,7221
1,8804
0,9152
0,847
0,7354
0,8181
0,2736
0,6781
0,10151
0,7255
0,5885
1,12199
1,11865
0,801
0,6900
1,2009
0,3575
0,4848
1,9360
1,3374
0,2553
1,3494
1,9767
1,6707
0,360
0,9434
1,6309
0,2341
1,7909
0,11988
0,9350
0,10552
0,141
0,4776
0,2019
0,12286
0,7791
0,10649
0,3611
0,728
0,12358
1,1890
0,6054
0,3692
0,9340
1,4955
0,4613
0,7996
0,12068
0,3072
0,6238
0,28
0,7296
0,8012
1,10996
0,7005
1,12080
0,3975
1,6641
0,4608
0,6498
0,5906
1,3202
1,907
1,11671
0,2984
1,7704
0,12467
0,10973
0,3389
0,10278
0,9265
1,10330
0,6486
0,11719
0,2611
0,3895
1,4665
1,4788
1,6962
1,7788
1,1057
1,1612
0,10798
1,7246
1,10794
1,483
1,11527
0,398
1,9347
1,4347
1,4785
0,5572
0,4399
0,7157
1,2931
0,11742
1,446
1,4808
1,10238
1,540
0,8368
0,12161
0,9368
1,6105
1,5633
1,299
0,2239
0,2578
0,3531
0,409
1,2498
0,5579
0,11727
1,7550
0,6593
1,3277
1,7681
0,502
0,4947
0,4270
1,11670
0,8130
1,3298
1,3356
1,8202
0,7876
0,6750
0,12257
1,10976
0,2955
0,4339
0,902
1,7120
0,7182
1,4407
1,2212
0,529
0,8885
0,3896
0,10223
1,6201
0,7511
0,1165
0,10613
1,5812
0,3281
0,6224
1,12369
0,12388
0,6083
1,12145
1,5276
0,6864
0,9648
0,1799
0,5729
0,9635
0,4207
1,11014
1,7741
1,6318
0,3139
0,5066
0,7763
1,10639
1,835
1,6025
0,7204
1,4889
0,1176
0,10622
1,9534
0,2303
1,4577
0,7686
1,2313
0,4074
0,11612
0,10446
0,7753
0,3256
0,1120
0,11414
0,8763
0,6549
0,11085
0,11657
0,575
1,1981
1,2829
0,12070
0,5894
1,5433
1,6388
1,5625
1,4467
0,6275
0,9032
0,3995
1,10736
0,5805
0,9600
0,2329
0,11712
1,2222
1,7218
0,6760
1,9242
0,511
1,4369
1,6260
1,11923
0,4813
1,12014
0,9203
0,9474
0,6143
1,3269
0,3848
0,6642
1,2374
0,4308
0,10694
0,4864
1,10023
0,4090
1,6249
0,1150
0,1649
0,9507
0,8931
0,2348
1,5200
1,6718
1,2776
0,1192
0,455
1,1596
0,5079
0,4338
1,8078
0,1104
0,10931
0,11700
0,6915
0,5699
1,8995
1,4141
1,1727
0,10799
1,12213
1,4231
1,8380
1,4651
1,4805
0,5744
0,2332
0,9268
0,4789
1,9119
1,12294
1,9505
0,11424
1,6907
1,443
1,6911
0,11292
0,5093
1,8728
1,2211
0,10067
0,2090
0,2377
1,6019
0,8358
0,10160
0,3805
0,2801
0,12050
1,9059
0,24
0,1288
1,4023
1,3966
0,6645
1,3788
1,1053
1,786
1,2309
1,3001
0,5825
0,11590
0,470
0,11625
0,1805
0,11750
0,10780
1,8478
1,10571
1,1372
0,3503
0,11783
1,3526
1,4439
0,10001
1,9377
0,4051
0,12451
1,6341
1,6909
0,8586
1,884
0,2612
0,5243
1,11357
0,7724
0,6212
0,3735
1,7506
1,10788
0,993
0,10468
0,9317
1,11344
0,4862
1,6265
0,2847
0,1162
1,5479
1,5580
0,9251
0,10623
0,1050
0,8713
0,3106
1,2304
1,11419
1,12248
1,10322
1,10658
1,10254
1,4178
1,439
0,5897
1,1075
0,6812
1,2905
0,1008
1,118
1,7796
1,5758
0,11405
1,1294
1,10485
1,11293
0,1734
0,4639
0,81
0,2446
0,3088
0,6184
1,39
1,10861
1,5655
0,10650
1,1504
1,5155
0,2842
0,10737
1,3955
0,11561
0,10265
1,7069
1,8396
1,9115
1,9245
1,4650
1,4138
1,1179
0,8251
1,12187
0,755
0,10711
1,3855
0,9247
0,4695
1,4287
1,5555
0,2786
0,7863
1,8061
0,5959
1,10892
0,6358
0,1317
0,7784
1,7623
0,12434
1,12163
1,4953
0,1410
1,11178
0,8984
0,9082
1,6564
0,3597
0,5639
0,13
0,1409
1,7723
0,3012
0,9960
0,1041
1,8346
0,10341
0,11105
0,11962
0,6905
0,2245
0,639
1,3794
1,805
1,2255
0,4220
1,3974
1,9678
0,7162
0,3602
0,8317
1,1866
1,11852
1,7344
1,8382
1,681
1,4512
1,11383
1,4432
0,11751
0,7473
1,1991
1,8944
1,3882
0,8665
0,4721
0,6557
0,252
1,9004
1,5491
0,198
1,7132
0,8704
1,654
0,1588
1,8862
0,9254
1,7468
0,8299
1,11731
0,1533
0,11352
0,5058
1,77
0,5124
0,2716
1,3902
1,6764
1,8583
0,6715
1,3570
0,4463
0,4518
0,12395
0,1691
1,950
0,5466
0,3436
0,3048
0,12310
0,6197
1,2613
0,3635
0,2621
0,5787
1,6462
0,7196
1,8065
1,1575
0,11061
1,12436
0,10076
0,5006
0,10375
0,12202
1,12147
0,9697
0,4267
0,7768
0,8859
0,4151
1,10912
1,2926
1,6395
0,11162
0,9440
0,3014
1,3528
0,2093
0,11890
0,430
1,8045
0,10182
0,7619
0,3342
0,8514
0,8484
0,5983
0,6981
1,2745
0,6943
1,12401
0,2793
0,5325
1,9289
0,10264
0,9097
1,11604
1,227
1,3535
0,7774
1,7123
1,9916
1,4040
1,6732
0,6726
1,3239
1,11663
0,303
0,63
0,10826
1,5697
1,10564
1,767
1,3601
0,3225
1,3820
0,11859
0,11209
0,8309
1,4274
0,8730
0,10025
0,4733
0,869
0,3077
1,4142
0,10618
0,10628
1,5024
0,1339
1,6610
0,10729
0,7971
0,1326
1,385
1,2682
0,9490
0,10378
0,4601
0,3681
1,293
0,1125
0,764
1,2555
1,1211
1,258
0,7832
0,6951
1,6301
1,7596
0,4659
1,10090
0,1359
1,10139
0,1426
0,8273
0,9812
1,2057
1,2506
1,4714
1,2718
1,10851
0,6210
0,7488
0,740
0,2632
1,7127
0,5902
0,4943
0,11457
1,657
0,12061
1,11104
0,12417
1,2691
1,8938
1,8633
0,5002
1,8676
1,1092
0,12099
1,7494
0,12393
1,11284
1,2250
1,11180
0,2517
0,8764
0,7745
1,11053
0,3349
0,4502
1,11154
0,4328
1,656
0,11819
1,6850
0,12219
1,719
0,9794
1,10773
0,3450
0,10451
0,3578
1,2730
0,10428
0,11880
0,9020
0,8787
0,7831
1,3933
0,11318
0,6543
1,11506
0,2828
1,8174
1,229
0,5018
0,775
0,5870
0,7987
0,8109
0,5839
1,10832
1,6368
0,7033
0,12456
1,9061
0,5270
0,6698
0,1975
0,10573
0,1503
1,12274
0,12042
0,5552
0,2022
1,6804
1,6313
0,5537
1,4634
0,7116
1,1919
0,3889
0,11475
1,6208
1,6636
0,11492
0,12271
1,11325
0,7980
1,10086
1,5570
1,1158
1,9663
0,4442
0,704
0,1448
1,12146
0,754
1,7683
0,11064
0,11772
1,980
0,4663
1,10453
0,8443
1,1576
1,2540
1,11643
1,3112
0,10603
0,3247
0,5963
1,6421
0,11951
0,10194
1,11305
1,8948
0,9103
0,8705
0,10440
1,5600
0,1603
0,4292
1,7169
1,5843
1,8075
1,7906
0,7712
0,8765
1,9576
0,1077
0,6410
1,2802
0,5679
1,460
0,8896
1,864
0,11528
1,6569
0,7707
1,3453
0,5068
1,11451
1,6797
0,4489
0,6893
1,2562
0,2735
1,4499
0,11150
0,4079
1,10858
0,8872
1,11204
1,9954
0,5257
0,5569
1,9914
0,857
1,5715
1,11570
0,1522
1,2928
1,4773
0,11675
0,8753
1,11391
0,205
0,6855
1,8331
1,9843
1,1250
0,11186
1,4895
0,1988
0,7795
0,8293
0,1824
1,4356
0,10538
0,5185
0,5195
1,4216
0,11181
1,10282
1,3685
1,8877
0,11794
0,171
1,4656
1,6516
1,2833
0,11401
0,7480
1,459
1,6468
0,1143
0,6777
1,8720
0,9570
1,10822
0,9446
1,10474
0,8652
1,6450
0,10884
1,5478
0,10812
0,4885
1,8691
1,1848
1,6580
0,2399
1,1493
0,5667
0,5275
0,10687
0,8257
1,5985
0,12154
0,4515
1,6103
1,1131
1,1892
1,411
1,9069
1,7490
1,7990
0,5053
0,6215
0,2044
0,10461
0,7208
1,11580
1,4062
0,10489
1,5883
1,3969
0,7570
1,1549
1,4723
1,4480
1,8091
0,11545
1,5794
0,2669
0,12185
1,12270
0,8577
1,10717
0,11138
1,4472
0,10810
1,7933
1,7436
0,372
0,140
0,12299
1,5957
0,2575
0,7167
1,1838
0,12058
1,4314
1,4336
0,6731
0,10941
1,3554
1,4180
0,8225
0,142
1,8153
1,2339
0,5731
1,12452
0,4987
0,8803
1,11472
0,9936
0,1720
1,2069
0,6727
0,4068
1,8010
1,3630
0,11618
0,6978
0,10382
1,12048
0,8567
0,7411
0,11911
1,11019
1,12035
0,160
0,8158
0,12253
0,7672
1,2442
1,6967
0,11607
0,10472
1,3816
1,9199
0,10529
0,905
0,7192
1,2856
1,8047
1,4136
0,3240
0,8630
1,1817
1,2552
0,5574
1,1399
0,7687
1,8463
1,10064
0,4484
0,9075
0,5522
0,9455
1,8637
1,2228
0,4597
1,12
1,3915
0,8142
1,7142
0,4629
0,10657
1,2960
1,4799
0,4657
0,11664
1,4857
1,5039
1,2977
0,625
0,8076
0,2161
1,280
0,8198
1,5322
0,6913
0,3870
1,12226
0,1277
0,11431
0,12045
1,9279
1,9684
1,2781
1,3223
1,6799
0,9804
1,11278
0,294
0,7113
1,1386
0,5921
0,567
0,8580
1,4828
1,9833
0,8749
1,9808
1,6902
1,175
1,5327
0,12243
0,3221
0,10218
0,3398
0,9147
1,3809
0,2486
0,8459
0,1955
0,7047
0,6621
0,8220
0,9842
0,5760
1,6492
0,10081
0,10347
1,2770
1,11757
0,8598
0,11393
0,1951
1,1931
0,8192
0,2205
0,5283
1,4963
1,9918
0,3767
0,10021
0,5267
1,2271
0,10621
0,6095
1,2357
0,7699
0,9465
0,4449
0,2865
0,9805
0,4088
1,4177
1,3948
0,3551
0,10158
1,1004
0,334
0,232
0,8918
0,4951
0,9178
0,10381
1,1048
0,5345
1,11081
0,4839
1,3200
1,7864
0,12256
0,10533
0,4120
1,3065
1,11448
1,10329
0,12210
0,4000
1,1238
1,1667
1,1180
0,10901
1,2879
1,11398
1,5828
0,10002
0,7755
1,1040
0,2618
0,1709
1,1643
1,7803
0,6547
1,5226
1,3000
0,2400
0,6830
1,9187
0,2854
0,9923
0,11848
0,2495
1,7079
1,4245
0,8405
0,1559
0,4132
0,2850
0,9324
0,434
0,4927
1,3677
0,11440
0,7489
1,11705
1,4980
1,3198
0,8776
0,2607
0,4912
0,1579
0,2545
0,7238
1,6846
0,189
0,4791
1,8907
0,8962
0,10122
1,6485
0,9382
0,6481
1,1381
0,3265
0,1812
1,2464
0,5042
0,136
1,9807
0,9201
1,8515
0,12049
1,2389
1,1007
0,11341
0,615
0,4444
1,6433
0,8905
0,938
0,3385
0,11482
1,2042
1,2570
0,1681
1,9723
0,6935
1,914
0,8963
0,11136
0,2837
0,3480
1,7800
0,641
0,4114
1,1692
1,11408
1,854
0,6452
1,1536
1,3075
0,8087
0,10821
0,3740
1,1977
1,11870
0,2686
0,10066
0,6531
0,9448
1,979
1,3780
0,7995
1,6226
0,11845
0,9349
0,12368
0,11933
0,1694
1,247
0,8042
1,167
1,11720
1,2179
1,989
0,4249
0,6274
0,2141
0,880
1,11195
0,11693
0,3078
0,1608
0,1243
0,9057
1,1769
1,2441
0,2963
0,139
0,2033
1,11249
0,8426
0,114
1,10709
0,2072
1,2135
0,12280
0,9578
0,4827
0,10764
1,8134
0,11875
0,2349
1,7845
0,8830
1,904
0,4363
1,10429
0,9908
1,9190
1,7849
1,7925
0,10154
1,5796
1,806
0,8808
0,621
0,11540
0,2131
1,11173
1,7938
1,4874
0,11031
0,1513
0,4443
1,433
1,6464
0,10106
0,10506
1,5628
1,2581
0,6695
1,1038
0,3779
1,10241
1,9381
0,4925
1,12200
0,9564
0,2099
0,2264
1,5471
1,3187
0,2670
0,6960
1,6067
0,5333
0,9221
1,8865
0,9700
0,3898
1,6287
1,2645
1,3430
1,8823
1,3736
0,12136
0,12121
1,5062
1,12464
1,1771
1,6567
1,361
0,8852
0,4646
0,1808
0,10295
0,689
1,2050
0,5710
0,6101
0,5863
1,934
1,716
1,9155
1,753
0,9498
1,4405
1,8098
1,10969
1,5658
0,10464
0,11754
0,10681
0,11863
1,9584
0,5285
1,5968
1,4294
0,5132
1,912
1,5078
0,1129
1,1682
0,1123
0,9159
0,7757
0,5987
0,5161
0,11943
1,10476
0,11793
1,322
0,11547
0,2480
1,12335
1,11230
0,405
1,8505
0,6706
1,4383
1,2081
1,5804
0,1707
0,10975
0,4081
0,2183
0,4545
1,10811
0,12312
1,7148
0,7417
1,1227
0,2893
0,9786
0,11499
0,2818
0,7342
0,9893
1,33
0,5949
0,10356
0,11668
1,11589
0,5887
0,2896
1,11635
0,8029
1,6918
1,147
1,4166
0,7718
1,913
1,12333
0,10402
0,10418
0,10455
1,10203
0,1604
0,3804
0,11556
0,8376
0,8393
0,5439
0,11336
1,2877
1,5858
0,3025
0,10319
0,6439
1,466
0,721
0,438
0,7139
0,7273
0,5204
0,9855
0,4964
1,8696
1,9770
1,4397
1,3238
1,8977
0,5516
1,11732
0,8643
0,4917
1,4192
1,12086
0,5167
0,1566
1,6592
0,10171
0,1153
0,8504
0,8253
0,4796
1,8615
1,8965
0,8915
1,3125
1,1445
1,1343
0,11223
0,3034
0,7730
0,9513
1,1874
0,592
1,4091
0,4283
0,2028
1,7526
1,5823
0,4460
0,246
0,6488
0,822
1,286
0,351
0,1370
0,1488
1,7887
1,425
0,2426
0,12449
1,11806
0,10423
1,270
1,6701
1,930
0,10413
0,8062
0,4704
0,4197
0,8761
1,6952
1,7384
0,11942
0,10733
1,7001
1,6385
1,7099
1,72
1,9171
0,1646
0,7459
0,9487
1,1122
1,9316
0,3081
0,1974
1,6559
0,11659
0,6272
0,8667
0,4972
0,10891
0,7988
0,7271
1,4456
1,7900
1,7736
0,2622
0,6396
0,5102
1,7000
0,624
1,2060
1,8675
0,1670
1,2533
0,5323
1,7891
1,1443
1,8131
1,11164
0,11369
0,9718
1,6882
0,12408
0,8839
0,9915
0,8500
0,9276
1,2871
0,6638
0,10786
1,1572
0,11082
0,8370
0,183
1,10080
1,8242
0,1894
1,1797
0,2701
0,9329
0,6028
0,6784
0,301
0,7665
1,2767
0,6769
0,3308
1,7106
1,2469
0,8247
0,3798
1,3488
1,2038
1,491
1,4053
0,3842
0,6976
0,10404
1,5194
0,11615
1,12314
1,9825
0,1985
0,1680
0,7062
1,10305
1,8043
0,7288
0,5605
0,8320
1,5172
1,10370
0,7389
1,9153
0,11498
0,6445
0,3444
0,8050
0,68
1,11790
0,8084
0,10070
1,5215
1,6387
0,2453
1,1081
1,4420
1,5266
0,10572
0,4020
1,2437
1,4021
1,4108
1,9748
1,337
0,5623
0,11577
1,2155
1,11961
1,6842
0,1929
0,3984
0,11018
0,11595
0,7156
0,3164
0,1063
1,12082
1,10399
1,10175
1,10414
0,9827
0,4576
1,6814
0,4901
0,4645
0,1181
1,10568
0,5865
1,8892
0,7698
0,3153
0,4221
1,2609
0,4565
1,617
1,4973
0,1745
1,12040
0,1841
0,1489
0,6350
0,1899
0,7095
0,230
1,815
1,4257
0,10248
1,7260
1,1884
0,10760
0,7186
1,1924
0,10839
1,8476
0,11601
1,4931
1,3747
0,1934
0,11591
0,9811
1,11978
0,3859
1,8708
1,3544
0,8352
0,1622
1,8389
1,2306
0,4893
1,7180
1,5878
1,3009
0,4886
0,662
0,2597
1,7516
0,2857
0,11599
0,9041
0,10885
1,10487
0,2293
0,8814
1,8031
0,11371
0,10437
1,6327
0,3618
0,8640
0,7879
0,4474
1,8534
1,8240
1,1954
0,5014
1,2709
0,6919
0,7847
1,1079
1,6004
0,7539
0,4587
1,8541
0,811
1,11763
1,396
0,3347
0,8831
1,1083
0,6414
0,10351
1,8155
1,8219
0,6931
1,5256
1,10379
1,4255
1,10010
0,2439
1,10108
1,7775
0,12331
1,1191
0,12325
0,1601
0,3704
0,1795
1,7984
0,1281
0,12078
1,6400
0,4764
0,7324
0,50
0,11662
0,4028
0,2352
0,9471
1,9871
0,11860
0,7485
0,6579
1,10656
1,4729
0,9755
0,642
1,9637
1,3361
0,12390
1,5594
0,1029
1,2373
0,10114
0,5280
1,486
0,4880
0,1852
1,4573
0,9587
0,4301
1,9797
1,4673
0,2355
1,3532
0,5251
1,7010
0,325
1,8901
0,8226
0,11523
1,508
0,7222
1,637
0,4496
0,10447
1,1669
0,9894
1,6086
0,1534
0,10835
0,7257
0,1392
0,5641
1,11111
0,1543
0,3426
0,10611
0,4913
0,3720
0,3545
0,11661
0,12207
0,3162
0,12203
1,6142
0,5074
1,3006
0,11233
0,11909
0,5451
1,6944
1,8677
0,1163
1,10567
1,11438
0,7163
1,11958
0,2318
0,10928
1,2979
1,5521
1,9696
0,6762
0,3644
1,1813
0,5790
1,5677
0,6829
1,6574
1,6821
0,10718
1,679
0,1671
0,1889
1,3949
1,1845
0,3399
1,9649
0,1959
1,5648
0,6878
0,12330
0,3080
1,5917
1,8775
0,8735
0,10877
1,9207
1,1184
0,9558
0,278
1,3814
0,11130
0,9705
0,11945
1,3340
0,2536
1,9031
1,800
0,8604
1,4674
0,1407
1,5145
0,6968
1,4144
0,3815
0,8874
0,8737
1,7817
0,4957
1,2884
0,11868
1,865
0,5092
0,8782
1,7837
0,6491
0,6362
0,5940
1,12007
1,2246
0,10918
1,127
1,4790
0,10704
0,2262
1,5096
1,98
0,5719
0,1595
0,634
0,1293
0,168
0,3699
0,8261
1,3422
1,11210
0,12481
1,3751
1,4952
1,2202
0,8895
0,5773
1,5000
1,4404
0,2496
0,9305
0,3300
0,4035
0,200
0,3408
1,12263
0,4379
0,12132
0,3283
0,3733
0,10228
0,5013
0,11854
0,8906
0,7497
0,9404
0,9173
0,8950
1,10742
1,735
0,6509
0,6512
0,12302
0,261
1,769
0,4427
0,9264
0,1078
0,8466
1,9414
0,8506
0,7962
0,2873
0,9683
0,5262
1,8481
0,10240
0,10405
1,4251
0,12339
0,561
0,12065
1,4954
0,9359
0,7147
0,11874
0,5846
1,3970
1,7928
1,517
1,2095
1,3427
0,10227
1,6351
1,5019
1,844
1,9151
0,5636
0,10088
1,9100
1,12281
0,2242
1,6191
1,946
1,7637
0,1562
0,9429
0,8033
0,6286
1,8122
0,2031
0,4127
1,10291
0,7230
1,4248
0,12128
0,1756
0,7582
0,8400
0,7593
1,11764
1,11247
1,3806
1,6527
0,12336
1,7963
0,1198
1,7448
0,4831
1,4069
1,4131
1,1909
0,11199
1,10629
0,550
1,4394
0,10535
0,5201
1,5071
0,10133
0,605
1,10719
0,166
0,8926
0,10211
1,8657
1,6845
0,8275
0,1793
0,2070
1,5880
1,1146
1,3083
0,10652
1,12021
1,12087
0,6535
0,1893
1,1400
0,6570
0,9295
0,830
1,6323
0,3737
0,8432
1,4538
1,8157
0,7064
0,10856
1,9466
1,1319
1,4239
0,1998
0,10051
0,12295
1,3055
0,11000
1,6266
0,4644
0,9185
1,6476
0,9048
1,7728
0,8774
1,4852
1,4816
0,6063
1,132
0,4777
1,12392
1,11827
1,3904
1,12413
0,11077
1,4045
1,2428
0,9725
0,7042
0,7462
0,8381
0,392
1,11954
1,3593
0,10619
1,10561
1,11146
0,6411
1,7748
0,7522
0,1660
1,6302
0,813
1,12155
1,3157
1,790
1,8082
1,4911
1,1435
0,11361
0,2326
0,6916
1,10645
1,2197
1,1950
1,5150
1,7315
0,4560
0,1072
0,6520
0,7720
1,1996
1,4436
1,7348
0,12193
0,11396
0,3959
1,7541
0,8689
1,238
1,10550
0,8619
0,1861
1,12057
1,705
0,8656
1,7379
0,3411
1,11957
0,11298
0,4907
0,1206
0,5853
1,475
0,4414
0,5678
0,6683
1,3765
0,8904
0,3878
0,10071
0,6796
0,3183
1,7399
0,6723
0,1037
0,5227
0,11652
1,10390
0,11551
1,3926
0,533
1,7291
1,7562
0,585
1,3697
0,7809
0,10316
1,9547
1,10048
0,9874
0,1321
0,10393
1,9982
0,10653
1,3833
1,6219
0,8716
0,12105
1,10785
0,4123
0,9839
1,633
0,12440
0,10543
1,5972
0,6006
0,975
0,683
0,7685
1,10003
0,10545
0,2658
0,366
0,2576
1,11258
1,11536
1,3785
0,7810
0,11495
1,9421
1,597
0,1117
1,2912
0,7957
0,7299
0,2741
0,2034
0,4047
0,7760
0,1675
1,10673
0,4838
0,10693
0,12063
1,1080
0,2914
1,1755
1,2826
1,8054
0,6887
1,10684
1,582
1,11855
0,2959
0,1414
1,4152
0,2887
0,5106
0,9432
0,8614
0,9854
1,5120
0,6039
0,10482
0,939
1,9634
1,9395
0,3592
1,11205
1,8110
0,3489
1,12043
0,4412
1,8883
0,7994
1,8139
0,1226
1,1157
1,11024
1,2462
0,6687
0,10288
0,1097
1,11002
0,2499
1,12260
0,8070
0,1141
1,8561
0,4018
1,11128
0,8575
0,8493
1,10777
0,5713
1,6866
0,8922
1,10239
0,8294
1,3432
0,404
1,3744
1,8961
0,7149
0,6513
0,6338
1,5409
0,11948
1,1497
0,353
0,9077
1,9431
1,6761
1,12465
0,1661
0,427
0,10626
1,2122
0,11196
1,4042
0,11633
0,4749
0,6375
0,8465
1,1105
1,2376
0,965
1,1610
0,7655
1,1257
1,11785
0,6138
0,7199
1,3366
1,1701
0,5533
1,12238
1,10293
0,3591
0,1269
1,4072
0,9423
1,8187
1,4636
0,8040
0,9050
0,11485
1,11193
1,3530
0,4563
0,11206
1,5291
0,5607
0,8552
1,11526
0,3343
0,12297
0,9442
0,4670
0,4526
0,8039
0,7415
0,4662
0,2435
1,5069
0,11714
1,12477
0,192
0,4605
1,9419
0,2810
0,1487
0,8866
1,686
0,7565
1,11836
1,9369
0,8496
1,10606
0,8937
0,8988
1,5394
1,4939
0,3241
0,8694
1,8603
0,6956
1,484
1,12403
1,8560
1,10801
1,1373
0,9974
1,2331
1,4143
0,7890
1,8238
0,7899
1,5890
0,3723
0,9796
1,7545
0,4181
1,12182
0,9391
1,3770
0,1806
1,7420
0,10266
0,1858
0,7627
1,8252
1,11021
1,2631
1,5901
1,6947
0,818
0,11198
1,8559
1,273
0,11582
0,1679
1,2891
1,3243
0,4224
0,1364
1,11669
1,12246
0,5832
1,5700
0,10107
0,8085
0,2970
0,7690
1,10982
0,10569
0,2817
0,8991
0,4620
0,5867
1,4400
0,6650
0,11803
1,9330
1,2870
0,855
1,11169
1,7407
0,6662
1,10259
1,7426
1,10666
1,3041
1,3138
1,9430
0,12124
1,8103
1,8455
0,3900
1,9702
0,3355
0,1785
0,4553
0,6328
0,6310
0,5453
1,11718
0,4223
0,7159
1,4628
1,10562
1,954
1,7914
0,1024
0,6181
0,339
1,4627
1,12013
0,11108
1,181
1,7305
0,1296
0,3191
1,11753
0,8314
0,7309
0,947
1,9238
1,3336
0,5582
1,3455
0,10212
0,10597
0,161
0,6743
0,5029
0,3665
1,10554
1,9643
1,4077
1,6963
0,2492
1,8032
0,9715
1,6108
1,8104
1,10046
1,1205
1,591
0,2167
0,3640
0,10631
0,8813
1,11960
0,5595
1,8101
1,11985
0,1244
1,2798
1,649
1,4297
0,5097
1,3018
0,256
0,40
1,9667
0,8570
0,248
0,2549
1,9931
1,9272
0,11624
0,5408
0,9692
0,10871
0,8903
0,5797
0,9352
0,3916
0,5637
0,3350
0,10862
0,432
0,12480
1,1840
1,201
1,11683
0,10841
1,4001
0,2144
0,7227
0,2011
0,4978
1,3534
0,2805
0,8769
1,2757
0,3194
0,11345
1,7752
1,11651
0,7926
0,11351
0,6680
1,7450
0,11197
0,8597
1,11314
0,5876
1,10231
1,9962
0,9957
1,5903
0,7317
0,11549
1,3587
1,7338
1,9333
0,8724
1,12438
0,3113
0,7661
1,3019
0,11221
1,6637
0,647
1,1853
1,9436
0,180
0,9682
1,2972
1,9424
0,8494
1,6207
1,9040
0,734
0,8641
0,11775
0,2408
1,1758
0,2672
0,11168
1,8686
0,6252
0,8274
1,7068
0,10922
0,825
1,6540
0,8132
0,10481
0,11936
1,6740
1,7323
1,2732
0,1076
0,2530
0,10362
0,6370
0,6131
0,2182
0,11183
0,10083
0,10547
0,2418
0,11124
0,1464
1,397
0,10037
1,8913
1,7870
1,9233
0,10627
0,6216
1,5413
0,9123
1,532
0,9902
0,3446
1,11512
1,10899
0,2524
1,6175
0,843
0,7396
1,10368
1,8379
0,9463
0,579
1,10454
0,697
1,231
0,7581
0,1308
1,7253
0,2032
0,536
1,10707
0,2918
0,12231
1,2272
0,10121
0,12032
0,796
0,9325
1,8540
1,1401
0,6612
0,12429
0,11514
1,474
0,3418
1,10255
1,2925
0,7586
0,2640
1,12444
1,3096
0,6334
1,715
1,5696
1,10302
0,11851
0,9370
0,7815
0,6297
1,2949
0,9514
0,6632
0,2013
0,2966
0,937
0,2526
1,2663
0,8616
0,3850
0,5131
0,3555
0,2477
0,314
1,11126
0,4756
0,619
1,64
1,8707
0,11614
1,4988
0,10508
1,8794
0,8474
1,7695
1,9652
0,1689
0,11055
0,10117
0,1835
0,8367
0,7598
1,12139
1,11709
1,3884
1,8227
0,9523
1,5919
1,4866
0,8849
1,4564
1,3094
0,3856
1,5441
1,3919
0,10999
1,2084
0,2831
1,7036
1,8601
0,8891
0,8909
0,4129
1,10283
1,10015
1,1851
0,7331
0,3461
0,2116
0,11276
0,9574
0,2994
0,5134
0,5950
1,2456
1,4814
0,4482
0,3405
1,499
1,4258
0,7170
1,9286
0,8508
0,1102
1,8133
1,8229
1,5225
0,4029
0,7471
1,1052
0,3104
1,11906
1,1501
1,9701
0,12152
1,7587
0,9094
1,8703
0,9673
1,6596
0,1978
0,4819
1,7959
0,6818
1,6221
1,9613
1,3997
0,4402
1,8819
1,1318
0,7201
1,4312
0,1098
1,4286
0,2470
1,9017
1,11114
1,6245
1,2654
0,2463
0,8845
0,11086
1,969
1,1460
1,8802
1,348
0,8165
0,1021
0,9450
0,7441
0,4761
0,4291
0,9593
0,12327
1,9651
0,11083
0,313
1,9322
0,3691
0,7626
0,6787
0,9047
1,11833
1,9365
0,8858
0,1264
0,9019
1,5553
0,9411
0,3639
0,3953
0,4343
1,9456
1,10262
1,2109
0,10470
0,7456
1,7606
0,7332
1,7245
0,7600
1,7873
1,7503
1,10531
0,8682
0,2953
1,11780
1,10853
1,8470
0,9588
0,10210
1,1431
0,9271
1,5348
1,2820
0,1618
0,5666
1,9248
0,11730
0,553
1,4571
1,11386
0,4250
1,3771
1,11343
1,4438
1,9551
1,1427
0,10486
0,6419
1,11218
0,8757
1,9832
0,11560
1,3445
0,352
0,11418
0,2371
0,577
1,242
1,12461
1,1632
1,5331
1,12386
0,5841
0,7151
0,11620
0,283
0,10120
1,6292
1,424
0,2999
0,677
1,4795
1,9604
1,11801
0,3763
0,9989
1,9072
0,1711
1,6042
0,7240
0,6861
0,10938
0,5525
1,9535
1,2405
0,1697
1,2417
0,726
1,4473
1,8888
1,3412
1,4950
1,10436
0,3307
0,10193
0,5122
1,9224
0,11072
0,11896
0,3179
1,2340
1,11904
0,10430
0,12242
1,12254
1,7750
0,10936
0,3543
1,3304
0,3705
1,271
1,1412
1,3189
1,1906
1,6324
0,8420
1,197
1,779
1,276
0,8871
0,6259
0,11494
1,5324
1,478
1,344
1,4861
1,3143
1,7641
1,2325
0,7650
1,1994
0,11676
0,10549
1,7894
0,9557
0,8912
0,12483
0,6018
0,11167
0,537
0,5932
1,11953
0,3911
0,11187
1,12277
0,11857
0,268
0,3289
1,5289
0,1515
1,6016
1,4926
0,393
0,3673
0,1567
1,496
1,11821
0,3211
0,8441
1,253
1,9772
1,6361
1,8672
0,2380
1,6759
0,10452
0,8161
1,4384
0,156
1,6566
0,4997
0,4604
0,743
0,10646
0,598
0,12212
0,1450
1,11706
1,4654
1,5050
0,5303
1,7119
0,838
0,3003
1,992
1,6666
1,3615
0,1441
1,3871
1,7558
1,2771
1,6590
0,1001
0,7961
1,4410
1,10424
1,6104
1,7073
1,9612
1,4165
0,4941
1,11969
1,2468
0,9005
0,7263
0,125
1,4586
1,8483
0,11460
0,1647
0,8323
1,1733
0,1877
0,124
0,576
0,8427
1,9111
0,11304
0,8778
0,962
0,7339
0,6097
0,2519
0,3146
1,9775
0,5750
0,451
0,4340
0,2296
0,1772
1,4195
0,6920
0,2107
0,8479
1,11394
0,7243
0,8336
0,9205
1,3267
1,6700
0,2266
0,11025
0,664
1,7937
1,5234
1,8361
0,10678
0,9027
1,4054
0,10881
0,8520
0,8403
1,5158
0,5397
1,2845
1,4870
0,4649
1,3479
0,5286
0,3548
1,8335
1,6251
0,1363
0,6691
0,3054
0,1540
0,7884
0,11950
0,7476
1,8024
1,9679
0,2170
0,5104
1,11752
0,5076
0,1325
0,8053
0,9971
0,8972
0,5340
0,3172
0,1255
1,2491
0,6892
0,7532
0,12404
1,11254
0,5098
1,7668
0,6939
0,11
1,5318
0,10289
0,8287
0,11666
0,8175
1,11007
0,8004
1,12074
0,11885
1,4447
1,9891
0,3679
0,5724
1,10583
1,10162
1,4705
0,3656
0,148
0,5816
0,11853
0,9582
0,3348
0,6386
1,7283
0,3108
1,3328
1,2996
1,4693
0,1357
0,7677
1,7838
1,3925
0,11704
1,1677
1,8286
0,6756
1,4546
1,481
1,7603
1,11944
0,4361
0,10294
0,2908
1,7212
0,5722
0,9314
1,6679
1,8113
1,4203
1,3235
0,10483
0,11544
1,2677
1,6757
1,521
1,8547
1,8292
1,9213
1,472
0,5417
0,12275
0,3424
0,11597
0,5875
0,2088
0,12016
1,245
0,673
0,11994
1,5737
0,8009
1,10004
1,10359
0,6550
1,6844
1,4875
0,9125
1,3454
0,8020
1,3784
1,11442
1,730
0,8565
1,1018
1,3801
1,645
0,9232
0,3994
0,6173
0,8107
0,10734
0,6904
1,3802
1,4464
0,5335
1,2229
0,347
1,1759
1,2835
1,12037
1,10920
1,6236
1,1251
1,2867
1,10253
0,6423
1,8980
1,3972
0,8116
0,2315
0,10958
1,5116
0,9820
1,11322
0,3099
0,243
1,6055
0,7705
1,6545
0,9186
1,4856
0,11225
1,10517
0,4232
0,11372
1,9799
0,6508
0,310
0,8856
0,8554
0,2330
1,1811
1,6206
0,7733
1,1746
0,778
0,1247
0,8537
0,1345
1,10349
1,1328
0,6076
0,6502
0,12051
0,10009
1,9991
1,11655
0,6431
1,2055
0,9068
0,9024
1,8822
0,6092
1,11428
0,2808
1,8160
1,10542
0,12173
0,9098
0,9192
0,5457
0,5502
0,10875
1,3276
1,7398
1,2684
0,5142
0,11847
0,4727
0,11691
0,9555
0,4766
1,5455
0,6034
0,5392
1,3546
0,11245
0,1030
1,6319
0,1017
0,3977
1,4218
1,9882
0,9801
0,9180
1,1987
1,3504
1,3064
0,897
1,7536
1,9840
1,4647
1,3344
1,203
0,4936
0,9484
1,6193
1,8449
0,7498
1,4640
1,8668
0,1606
0,4119
1,4388
0,9109
1,4737
1,3906
1,1556
0,9580
1,11423
0,5991
0,4179
1,1654
1,3846
0,4544
1,8654
0,6010
0,986
0,2074
1,3646
0,6267
0,510
0,11592
1,5640
0,3457
0,8250
0,10156
1,6653
1,7776
0,9703
0,5714
1,793
1,12447
1,10526
0,3413
1,3754
0,11873
1,11910
0,7472
0,2073
0,11359
0,1753
1,4642
1,555
1,498
0,9517
0,5899
1,10096
1,1003
0,3888
0,2655
1,4641
0,6857
1,6157
0,1127
1,2936
1,11487
0,3004
1,4710
1,10098
0,6403
0,8354
0,898
0,5741
1,1719
1,10641
1,8556
1,9583
0,10970
1,109
1,9501
0,1942
1,5228
0,6056
1,2010
0,6401
1,4803
1,9985
1,6038
1,9686
1,10395
1,3907
0,4712
1,10516
1,292
1,9738
0,7100
1,2040
0,8124
1,6007
0,6418
0,3252
0,8595
1,5314
0,8141
1,1216
1,6280
1,9536
0,5064
1,8412
0,10215
1,6649
0,3612
0,2978
0,745
1,3824
1,1794
0,6881
0,6168
0,9857
1,5073
1,4879
0,186
0,5851
1,10692
1,4430
0,12223
1,2892
0,4477
0,8097
1,8947
0,2192
1,5513
1,10696
1,810
1,565
0,7861
1,11963
1,7261
1,620
0,2199
0,11342
1,8571
1,6738
1,2214
0,11236
1,4233
0,1655
1,5159
1,6155
1,1832
1,401
0,7016
0,7499
0,10574
1,2350
1,7458
1,8846
0,9897
1,11766
0,2944
1,7737
1,10195
1,1096
0,12118
0,4214
1,4083
1,4362
0,5393
0,7787
1,11778
0,9978
0,3629
1,2002
1,11579
1,612
0,5638
1,974
0,4428
0,9462
0,5645
1,1182
1,2194
1,3632
1,1789
1,3375
1,2163
0,3451
0,8071
0,3156
0,8489
1,10642
1,3773
0,3205
0,7385
1,9778
0,2958
1,7254
0,8780
0,8795
0,2369
1,7402
0,11638
1,1941
1,8246
1,5484
1,5834
1,4574
0,10450
0,8929
1,6811
0,6487
0,12084
0,827
0,2725
1,9495
1,6628
0,12018
0,3063
0,6276
1,5976
0,10386
0,309
1,9565
0,9451
1,2641
1,1248
1,984
0,2516
1,146
0,2551
1,1082
1,250
0,8203
0,4983
0,1196
1,1508
0,11207
1,2743
0,12500
0,1708
1,6237
1,5036
0,7105
1,8998
0,6496
0,6043
0,9687
0,5576
0,3835
1,4465
1,10697
1,6409
0,11339
0,8714
0,8069
1,9346
1,6600
1,9128
1,8833
0,7618
0,9262
0,255
0,5353
1,5662
0,2080
1,3557
1,4675
1,8067
0,1035
0,5806
0,386
1,9828
0,9868
0,11587
0,1735
1,10911
1,4685
0,3869
0,2353
0,1976
0,3700
0,5341
1,9816
1,9263
0,7004
1,5420
0,7973
1,3710
1,11497
0,1085
0,11137
0,6044
1,842
1,11274
1,11239
1,6087
1,11412
1,5407
1,9259
0,11913
0,436
0,2187
0,4227
1,10712
0,6533
0,926
0,2440
0,11252
1,10348
0,3130
0,5250
0,8742
1,5224
0,5315
0,7754
0,9355
1,6079
0,4706
0,4807
0,5326
0,2479
0,4455
0,12130
0,9939
1,9546
1,453
1,7662
0,4888
1,3417
1,11955
1,3950
0,2676
1,809
1,1214
1,9310
0,4305
0,11447
1,4713
0,8624
0,5026
0,6616
1,4820
1,8271
1,4451
0,541
0,11817
1,12180
0,2535
1,10297
0,11378
1,4668
1,5503
1,6803
0,1270
1,12005
1,5971
0,7883
0,8129
1,507
0,8373
1,1638
0,11687
1,211
1,5189
0,11738
1,2617
1,891
0,6299
0,8653
1,12172
0,12399
1,4098
1,7435
1,1151
0,3901
0,10152
0,4734
0,10589
0,8311
0,6657
0,9519
0,2193
0,6730
1,4186
1,9771
0,8163
1,11069
1,74
1,9025
0,4109
1,1743
1,195
0,342
1,10315
0,10123
0,7556
1,7896
1,315
0,7150
0,10145
0,5386
1,5301
1,6589
1,9709
0,952
1,12157
1,2483
0,856
0,2279
1,7198
1,4860
1,11964
0,4281
0,9239
1,11050
0,2920
0,5254
0,11038
1,1314
0,6035
1,5759
0,4774
0,8475
0,1770
1,4581
0,11884
0,134
1,8073
1,509
1,3339
1,11268
0,3721
0,6736
1,11725
0,14
0,2823
0,8893
0,12363
0,9078
0,4878
0,1921
0,3913
1,5935
1,5127
0,5817
0,9524
0,8806
0,8568
0,2921
1,12487
0,1864
1,2778
1,6712
1,5965
0,1137
0,9898
1,8497
0,9937
1,6889
1,600
1,11366
0,2360
1,3676
1,8843
1,7017
1,7911
0,8330
1,3986
0,6977
0,3662
0,10103
1,12494
0,6145
1,9887
0,7821
1,8438
1,487
0,4157
0,2646
0,4273
0,3862
1,8697
0,10582
0,9610
0,2273
0,7820
1,6987
0,12225
1,1421
1,6255
0,7056
1,3434
0,9439
1,10419
1,8201
0,37
0,1260
0,4030
1,6659
0,5872
0,7806
1,3182
1,2366
0,12106
1,7636
0,4921
1,2458
1,7066
1,1058
0,9499
0,3084
0,9518
1,8207
1,7293
0,5803
0,7691
1,11979
1,8613
0,674
0,831
0,3132
1,5550
0,11133
1,4622
0,2356
0,8748
1,4626
0,5027
1,12492
0,10972
0,2108
1,3129
0,2268
1,11628
1,11729
1,11799
1,429
1,7392
0,9958
0,295
0,802
0,1656
0,10365
1,7112
1,4032
0,9745
1,10335
0,2029
0,5166
1,8920
1,3713
0,6927
0,9721
1,4230
0,6231
1,5128
0,3603
1,3294
1,399
0,1944
0,4914
1,1521
1,4971
0,471
0,1126
0,6655
0,702
0,5627
0,1995
0,5094
0,214
0,8329
1,4256
1,12278
0,1790
1,9809
1,8609
0,9525
0,3369
1,7642
1,9655
0,9774
1,11921
1,4268
1,2452
1,2683
1,11005
0,2259
0,9907
0,5217
0,808
1,6808
1,284
0,2890
0,2236
1,8636
0,1209
0,7953
1,712
0,1798
1,4832
0,4678
0,11110
0,5596
0,12397
0,5682
0,4057
0,8529
0,9571
0,7048
0,894
0,11734
0,6326
0,9504
1,3742
0,4476
1,2065
1,5771
1,11282
0,11542
0,8334
0,1189
1,7492
0,5206
0,6518
0,2782
1,6906
0,9744
0,3477
1,593
0,5086
0,2257
1,10640
0,6515
0,5564
0,3769
1,2466
0,4728
0,3169
1,1042
0,12446
0,5255
1,10249
0,5336
0,4485
0,6789
0,10728
0,11251
1,3407
1,3073
1,8756
0,7124
1,6040
0,1551
1,9798
1,9297
0,4524
0,1539
0,7044
1,10478
0,3693
1,12073
1,7580
1,738
0,7333
0,3050
0,8025
0,9720
0,3483
1,5751
0,11376
0,680
0,1718
1,5809
1,8620
1,6647
1,7671
1,7814
0,1267
0,1265
1,8303
1,6084
0,11716
0,12285
0,6865
1,9282
0,7098
1,12015
1,9428
0,4633
1,10434
1,9552
1,3210
0,12489
1,5381
1,1492
0,7844
0,8923
0,6974
1,11100
1,3775
1,4171
0,2811
0,4481
0,11800
0,9739
1,9976
0,2460
1,9912
1,7935
0,9384
1,6948
1,1239
0,4786
1,10056
1,8182
0,1408
0,11937
1,12153
1,8509
0,7573
0,6014
1,8532
1,2598
1,2148
0,3671
1,10534
1,9489
1,9488
0,1156
0,6015
0,2783
1,12091
1,10828
0,11266
1,4490
0,5743
0,7976
0,2903
1,12222
0,9454
0,3438
0,380
0,11377
1,11735
1,4417
1,11283
0,9228
0,11392
0,9210
1,2085
1,4594
0,2548
1,10169
0,5785
0,279
0,8348
0,9999
1,3752
0,4004
0,3449
1,10752
0,1713
1,7521
1,3542
0,1710
0,10859
1,6295
1,7663
1,5328
1,11241
0,8090
0,5059
0,820
0,1130
0,672
1,3419
1,1116
0,5672
1,113
1,4623
0,11692
0,8717
0,711
0,12340
0,5025
1,9169
1,7594
0,12475
0,11622
1,1183
1,6436
1,11841
1,4691
1,9942
1,4615
0,7978
0,3274
1,11321
0,6382
1,11984
0,9863
1,9821
0,8300
1,6872
1,4272
0,4743
0,6660
0,1731
1,2964
0,8140
1,10163
0,7061
1,1807
1,5689
0,12204
0,2140
1,1659
1,477
1,3716
0,3609
0,7610
1,10442
1,6721
0,370
0,8943
1,6751
0,5355
0,10371
1,10135
0,5736
1,9852
0,4694
0,11621
1,3980
0,2942
0,1479
1,6582
1,2789
1,6609
1,10155
0,9632
1,3568
1,6651
1,11640
1,137
0,149
0,8674
1,3136
1,3939
0,7029
0,2156
0,5947
0,9338
1,1766
0,61
0,89
0,6534
0,11770
0,925
0,5685
1,2788
1,2992
0,2397
0,10934
0,11491
0,3218
0,2036
0,5360
1,3719
1,10598
0,6263
1,9779
1,2537
0,6198
0,7235
1,4902
0,8387
0,11581
0,8063
0,4833
1,3808
0,9227
0,929
0,12431
1,3940
1,4494
0,12127
1,6586
0,5842
1,10829
1,10425
0,7780
1,10496
1,7547
1,6546
1,9397
1,8629
1,3701
0,5460
0,1834
0,7357
1,2384
1,2322
0,10824
0,4357
0,2848
0,1027
0,2200
0,3297
1,10324
0,583
0,191
0,1138
0,7060
1,11952
1,10771
0,285
1,5056
1,8838
1,11918
0,3390
0,4556
0,5864
0,4211
0,11644
1,8958
1,11175
0,1902
0,10307
1,3973
1,3774
1,5432
1,9515
0,9003
0,5125
0,11889
0,359
0,9728
0,5473
1,11478
1,2217
0,7175
0,10690
1,4718
1,8663
0,11630
1,7530
1,6365
1,6017
1,423
0,5499
1,4416
0,7716
1,7421
1,6140
0,2681
0,11134
1,792
0,1482
0,5087
0,7040
0,7122
0,2343
0,11756
1,9298
0,4583
1,1554
0,239
0,1225
1,467
1,5264
0,11273
0,11465
1,2241
0,2098
0,7915
1,10725
0,1455
0,6910
0,1188
1,747
1,10985
0,5671
1,12149
0,3045
1,3416
0,1413
1,12357
0,5659
1,2629
1,1434
1,2146
0,3746
1,3037
1,11850
1,1537
0,3026
1,11972
1,8083
0,8550
0,5213
1,7634
0,343
0,3010
1,7081
1,3357
0,4101
1,11272
1,9970
1,8360
1,1662
0,2075
1,3549
0,3983
1,7643
0,8359
0,8942
1,11758
0,3605
0,4061
1,11176
0,8578
1,10042
0,8184
0,10981
1,8596
0,943
0,2275
0,4271
0,8890
1,5388
0,568
0,5221
0,1419
1,8600
1,9051
1,10795
1,8301
0,2685
1,998
1,5925
0,6366
0,2335
0,7129
0,6965
0,7786
0,936
1,7551
0,549
0,2531
1,3303
1,4041
1,893
1,11250
1,1621
1,9085
0,2957
0,4859
0,4244
0,4892
0,3242
1,12367
1,3827
0,9444
0,5523
1,569
1,11303
1,12188
1,10097
0,2021
1,9184
1,7256
0,9948
1,4295
0,12473
1,8415
0,1558
1,8646
1,1690
0,7761
0,11017
0,5811
1,7628
0,3208
1,10094
1,7274
0,11939
1,4315
0,9872
1,968
0,10818
1,123
0,651
0,6783
1,2724
1,8005
1,1983
0,2390
0,9641
0,500
0,9511
0,10596
0,2647
0,3689
0,9608
0,9197
0,7335
0,8431
1,2000
0,10075
1,4750
1,6078
1,2752
1,4979
1,12113
1,8256
0,4241
0,10407
0,2853
0,4475
0,10843
1,3491
1,7372
1,6130
1,9601
1,3942
1,10432
0,5384
1,669
0,1383
1,5931
1,7826
0,9597
0,8999
0,11280
0,5017
1,1186
0,3951
1,1290
0,3278
0,8278
0,10796
0,10527
1,8503
0,3031
0,2790
1,6625
0,841
0,4631
0,1336
0,3819
0,8093
1,6479
0,5252
1,11843
0,3616
0,2888
1,2787
0,10898
1,9935
0,5247
0,5873
1,3435
0,8574
0,8
0,8298
1,1224
0,12083
0,11686
0,5031
1,11602
0,9964
0,11565
1,417
0,8805
0,10140
0,5786
0,7045
1,9829
0,7054
1,485
0,128
1,4378
0,1561
1,6072
1,3818
0,12450
1,11212
0,11861
1,5997
0,12211
0,11802
1,12167
1,11006
0,2434
0,636
0,4722
0,3266
0,6149
0,618
0,4433
1,3244
0,8710
1,7797
0,4540
1,949
1,9344
1,11862
0,1920
0,5626
0,10459
0,11102
1,4309
0,5387
0,7433
0,4991
0,5190
1,5385
1,12249
1,723
1,2220
0,12104
0,8798
0,5379
0,2987
0,11381
1,5644
0,4320
0,782
0,11067
0,1323
1,9742
0,9503
1,814
1,2403
0,6914
0,11694
1,6354
0,7950
1,11554
1,6629
1,7285
0,5900
0,9672
1,11789
1,6384
1,4709
0,6603
1,899
1,5447
0,10762
1,7185
0,6626
1,2104
1,4598
1,5467
0,3499
0,305
0,4124
0,2858
1,10372
1,7903
0,3957
1,6741
0,7997
1,6672
1,4387
0,5868
1,5528
1,9013
1,8983
1,8985
0,10
1,1471
0,1935
1,11191
0,5518
1,7528
0,2265
0,886
0,2132
0,3203
0,4253
1,12381
1,10164
0,4213
0,6374
0,6009
0,6243
1,783
1,9142
0,10682
0,12396
0,6689
0,9002
1,11470
0,154
0,1374
1,9559
1,3680
1,2766
0,3415
0,2396
1,5701
1,1544
1,11387
1,5292
1,1089
1,3310
1,545
1,11483
0,11583
1,12122
0,12232
1,1791
0,2523
0,7801
0,10519
0,2251
0,8766
0,5427
1,5688
0,8971
1,5123
0,7481
0,7032
0,1494
0,1961
0,11531
1,10924
0,5184
0,7177
0,10740
0,506
0,6810
0,11313
1,10648
0,7486
0,3935
1,11741
0,9
0,9363
0,5411
0,7355
1,1910
1,798
0,1335
1,2721
1,725
1,10217
0,12326
1,3836
0,9243
1,5807
1,67
0,12474
0,6152
0,1134
1,765
1,7956
0,2493
1,4602
0,5871
1,9602
1,6805
1,10609
1,10366
0,7794
0,6896
0,9237
0,3022
0,5618
1,11864
0,4542
0,12171
0,11968
0,8112
0,1819
0,11684
0,12214
0,4128
0,447
0,2328
1,1242
0,8099
1,10625
0,3092
1,327
1,4940
0,7202
0,1782
0,6081
1,3317
0,2986
0,1292
1,7666
0,8277
0,1394
1,5708
0,10741
0,3669
0,5540
0,3387
0,4015
0,7646
0,5356
0,4692
0,1109
1,3124
1,6442
1,2267
1,9378
1,10723
0,5440
0,9464
1,2643
0,6785
1,1640
0,53
0,3402
0,1161
1,6089
0,3864
0,4537
0,4686
1,5298
0,7067
1,5869
0,10475
0,4279
0,9621
0,5953
0,7437
0,5529
0,2425
1,9093
1,7422
0,1425
1,8011
1,7969
0,3529
1,5343
0,6587
1,6432
1,6588
1,9136
0,5294
0,7084
1,2176
1,10176
1,469
1,7219
0,209
0,2625
0,7414
1,6506
0,9405
1,4302
1,10433
1,11090
1,18
0,3171
0,9737
0,266
1,11277
0,9070
1,8123
1,12096
0,5590
0,6873
1,2974
0,762
1,9140
1,5930
1,1016
0,2087
1,225
1,8185
0,9581
1,8721
0,8302
0,9761
0,6150
1,5406
0,1854
1,8884
0,4869
0,1953
0,1741
1,10699
0,7717
1,6753
0,7706
1,9214
0,11078
0,10833
0,2354
0,2769
0,15
1,5943
0,5942
0,2588
1,9386
0,6058
0,9110
1,3929
1,6664
0,2807
1,9044
0,3383
1,11831
0,8340
0,1514
0,3353
0,10808
0,4149
1,4466
0,2133
0,603
1,10790
0,1624
0,8723
0,6575
0,1792
1,5565
0,5011
1,871
0,10962
1,9071
1,7981
0,8152
0,5153
0,5926
0,1249
1,5082
1,219
0,987
0,5962
0,92
1,5299
0,9628
1,5560
1,3619
1,3828
1,10836
1,4903
0,5359
1,11522
0,5558
0,11796
1,11189
1,10104
0,5775
1,5080
0,8701
0,12069
1,3811
0,10654
0,7057
1,5922
1,11426
1,11871
0,2558
1,10100
0,11259
1,4290
1,5929
0,2243
1,10124
0,82
0,2053
0,10246
0,1177
0,12410
0,8345
0,2592
0,55
0,5108
0,5047
1,9257
1,1717
0,8030
1,6347
0,2030
0,10412
0,2909
0,3093
0,8404
0,11317
0,6178
0,5211
1,8755
1,7037
0,4600
0,6998
0,3892
1,12117
1,3875
1,3621
0,10789
0,7857
1,4992
0,7859
1,7361
0,6686
0,8617
1,10045
0,3564
1,5148
1,10232
0,5083
0,6115
0,2550
1,8835
1,3484
0,5091
0,4504
0,888
1,1395
0,10668
0,10095
1,9606
0,7158
1,5067
0,6342
0,10807
1,2422
0,7031
0,1527
0,5219
1,4599
0,4846
1,6886
0,12351
0,5844
1,7427
0,978
0,10874
1,2126
1,7678
1,10902
0,5777
0,3903
1,10084
0,3620
0,3091
1,4457
0,1615
0,1355
0,10457
1,2520
1,8661
1,9818
0,8289
1,10110
0,12198
0,3647
1,12433
0,7152
0,7241
0,11454
1,1876
1,10196
1,3142
0,8374
0,5583
1,9274
0,3251
1,2751
1,11101
0,4930
1,8902
0,1712
1,2361
0,10514
0,6425
0,5277
0,896
0,7630
0,8338
1,4260
1,10344
0,2338
1,8732
0,1110
1,922
0,9315
0,3841
0,6102
1,11469
1,5970
0,9156
0,646
1,9134
0,7052
1,3354
1,10974
0,12186
0,7491
0,8094
0,1673
1,9533
1,7097
0,115
0,11142
1,1032
0,12350
1,2644
1,3799
0,9512
1,10904
0,9477
0,1499
0,2485
1,9218
1,5111
0,1945
1,2386
1,7343
0,7284
1,6090
0,6841
0,1964
1,7941
0,1526
0,10149
1,412
1,1315
0,4619
0,4682
0,10274
1,1367
1,11441
1,5403
1,4876
1,6279
1,2184
1,11486
1,4989
0,4508
1,9162
0,5848
1,12304
0,10714
0,4453
0,530
0,4758
0,1839
1,5305
0,2419
1,9174
0,2337
0,9400
0,4205
1,9361
1,5975
0,5349
1,9817
0,7507
0,387
1,4498
0,8772
1,7563
0,10360
0,8531
0,8919
1,9933
0,7009
1,6671
0,11088
0,8172
0,2649
0,10933
0,8128
1,369
0,1011
1,8762
0,4894
0,5977
0,11679
0,7381
0,7311
1,7854
0,5230
0,2601
1,11331
0,543
0,3934
0,6393
1,2037
1,3524
0,8957
1,8056
0,11812
0,9757
0,2254
1,2238
0,12454
1,11238
0,2812
0,12142
0,10333
0,11744
0,3311
0,4585
0,3638
1,490
0,10099
0,2162
0,1417
0,11160
0,8146
0,2714
1,6051
0,7633
0,6052
1,9364
1,3421
0,8824
0,10275
0,5982
1,4929
1,6823
0,3115
0,2207
0,9922
1,8818
0,11091
0,11044
0,4037
0,2252
1,4413
0,3857
1,8118
0,11039
1,6539
1,9220
0,9629
0,6194
1,3030
1,3810
0,4321
0,714
0,3743
0,6062
1,2393
1,10166
0,11721
0,4446
0,6186
1,2876
1,1577
0,3335
0,6408
1,7813
0,3687
0,7416
0,8649
1,1012
0,9087
1,5274
0,1298
0,3581
0,915
0,1170
1,9241
0,694
1,3675
1,9073
1,102
0,9008
0,8035
1,9890
0,3231
0,10367
0,10967
1,8631
1,12341
1,2391
0,4990
0,4122
1,6126
0,10132
0,3259
0,336
1,8021
0,700
1,3653
1,6532
0,11094
0,7812
0,8017
0,8626
0,3583
1,4854
1,7075
1,1002
1,6109
1,6775
0,7886
1,8092
0,3622
1,8008
1,3068
0,1524
0,10727
0,1268
1,106
0,4611
0,9917
1,821
1,5238
1,9280
1,30
0,6022
0,7983
1,11740
1,5634
0,10890
0,8239
1,69
0,5538
1,3641
1,5561
1,11023
0,3838
0,6077
0,7172
0,8377
0,11600
1,11697
0,6568
1,3262
1,9372
1,12400
0,449
0,3299
0,1887
0,6376
0,2049
0,11328
0,10615
0,4793
0,4770
0,3481
1,2062
0,2502
1,7659
1,9441
1,7652
1,6883
0,8055
0,448
0,8111
0,10044
0,45
1,8881
1,9880
0,3525
0,5622
0,3636
0,1844
0,4804
1,5577
1,3314
1,9727
0,311
0,10815
1,6986
1,7615
1,670
1,2221
1,4531
1,8136
0,4944
0,364
0,3696
0,1297
0,6623
1,9925
0,6353
1,5732
0,3514
0,1748
0,6877
0,11641
1,2844
0,4612
1,8538
0,4549
1,9063
1,10804
1,71
0,10012
0,6598
0,97
1,151
0,4288
1,6232
0,3382
1,11822
0,6424
0,9623
0,7621
1,9188
1,10708
0,1774
0,9510
0,5321
0,11255
1,9249
1,923
0,2935
0,9252
1,5117
0,11397
1,4700
0,11466
1,10214
0,4147
1,1645
0,1971
0,3533
1,7592
0,5669
1,12352
0,12319
0,9642
1,3485
0,7568
0,1299
0,3976
1,340
0,8001
1,6853
0,1965
0,3633
0,170
1,8362
1,11244
0,2962
0,4431
1,1215
1,5534
1,8700
1,5567
0,948
0,10747
0,3643
1,9537
1,10219
1,9984
0,11636
1,5173
1,8288
1,3709
1,10207
0,2542
0,5661
1,10680
0,7400
1,8280
0,4461
1,8384
0,10634
1,9550
0,6036
0,10028
1,644
0,11295
1,3178
0,5716
0,1252
0,2765
1,10767
0,10270
1,8964
0,9750
0,1361
0,4607
0,1849
0,5694
0,11004
0,3498
0,6390
1,12425
1,1271
1,5676
0,11981
1,709
0,6770
0,4753
0,8684
0,8553
1,11461
1,5530
1,4794
0,9146
0,6746
1,3145
0,7236
0,6961
1,217
1,9567
0,9208
0,3840
1,1980
1,8394
1,9969
0,4198
1,3924
0,2662
1,8341
1,11834
0,5879
0,5214
1,3860
1,6622
0,9475
1,10352
1,1106
1,8467
1,5465
0,6973
1,4099
0,1391
1,2547
1,3051
1,8569
1,10059
0,11995
1,4865
1,8147
1,367
0,1652
0,1039
0,8487
1,9556
1,3140
1,9932
1,10087
1,4375
0,8692
1,11010
0,3097
1,8817
1,2800
0,1005
1,7276
1,781
1,1291
1,10866
1,5382
1,963
1,8952
1,11562
1,473
0,4742
0,3285
1,2263
1,2347
0,11200
1,4960
0,6352
0,185
0,10512
0,10961
0,9885
0,1478
1,1352
0,6359
0,5281
1,5237
1,8725
0,1568
0,10783
1,3085
0,11929
0,12383
1,11400
0,911
0,6463
0,7128
1,2134
0,7266
0,9603
0,11866
1,42
1,4247
0,7979
1,2
0,2297
1,10167
0,4217
1,5581
0,5856
0,8423
0,6013
0,951
1,3688
0,11965
1,1356
0,11354
1,4843
0,7376
1,547
1,2642
1,1776
0,2106
0,6979
1,7237
0,2387
1,6551
0,5712
1,5562
1,6507
0,6815
1,11648
1,5592
0,3540
0,5140
0,11517
0,6316
1,11977
1,5608
0,7851
1,8342
0,5913
0,10553
1,11660
0,6024
1,2774
0,1879
0,6262
0,4666
1,70
0,3428
1,9336
0,7721
0,7447
0,6945
1,7654
0,4855
0,8986
0,8186
0,8562
1,2430
0,3122
0,12347
1,12251
0,5461
0,2302
0,3607
0,5632
0,1512
1,10765
0,9895
1,12460
0,4106
0,9834
1,574
1,1629
0,4632
1,4966
0,4479
0,7790
1,6640
1,6542
0,5520
1,12478
1,2465
1,826
0,10491
0,860
0,11501
0,10873
0,5589
0,1278
0,7702
0,2269
0,12421
1,9899
1,3414
1,1842
1,2216
1,5862
0,1013
1,11033
1,12245
1,3284
0,4591
0,7377
1,5824
0,7449
0,10710
1,2514
0,3049
1,1093
0,10408
0,9055
0,10091
1,2583
1,7858
0,2674
1,7609
0,12036
0,8679
0,10889
0,5329
0,10779
1,12112
0,5793
0,9831
1,9928
0,6113
1,4765
0,464
0,1416
1,3362
0,7793
0,1418
1,1538
0,4949
0,1140
1,11515
0,917
0,11901
1,2171
0,2299
0,12056
1,5619
1,3947
0,9644
1,727
1,5588
0,4100
1,12293
1,9959
0,6158
0,6922
1,418
0,1472
0,4056
1,7475
0,881
0,3373
0,1715
0,12414
0,12229
0,11032
1,8746
1,10914
0,4307
1,10304
0,741
0,3463
1,6349
1,8545
0,4891
0,10665
0,7308
0,11260
0,699
1,2600
0,7862
0,751
1,789
0,3174
1,3319
1,12337
1,3867
0,9579
1,8796
1,9476
1,8072
0,8709
0,5988
1,1014
1,9458
1,165
1,1903
1,379
1,7989
0,9988
0,622
1,7715
0,7944
1,10105
1,3899
1,9622
1,1891
0,3652
1,1968
0,12338
0,8445
0,3312
1,7111
0,8349
0,11074
1,6870
0,3496
1,11935
0,10509
1,11879
0,3448
0,5316
0,11504
1,12318
0,2115
0,12394
1,2796
0,6233
1,3079
0,2208
1,10220
1,7512
0,2839
1,7601
0,3782
1,6856
1,10000
0,601
0,3280
0,11388
1,3886
0,5229
0,2660
1,6767
1,3204
0,1738
1,7013
0,9447
1,164
0,1901
1,6835
0,11109
0,12030
0,9114
1,10047
0,8297
0,5728
0,7314
0,6454
0,8921
0,12289
1,4155
0,302
0,3066
0,9627
1,306
0,11203
0,9792
0,5445
0,10358
1,12307
0,3628
1,784
0,7855
1,2143
1,858
0,335
1,3302
0,7443
1,4821
0,7588
0,4497
0,2344
1,4801
0,10355
0,573
1,11844
1,262
1,9481
1,7843
1,6661
1,7856
1,4422
1,9319
0,10671
0,9949
1,257
0,11674
1,11826
0,5826
0,692
0,1500
1,7265
1,837
0,2750
0,2584
1,658
0,12176
0,3971
1,289
1,1609
1,4671
0,6673
0,2169
0,4435
0,2860
1,9819
0,5961
0,5549
0,2747
0,4882
1,1353
0,873
1,1034
0,6159
1,7467
1,2614
0,1870
1,12443
0,9987
0,5643
0,4769
0,2706
0,10915
1,1273
0,10617
1,2507
0,6032
0,10528
1,11057
0,10849
1,177
0,7428
1,8306
0,518
1,12267
0,11893
0,2534
1,11216
1,731
1,11840
0,9717
1,7966
0,4725
0,9229
0,7460
1,7828
0,11611
1,10030
0,12411
0,2705
0,11467
0,4970
1,8712
1,10364
0,12041
0,6461
0,12241
0,5910
0,4117
1,10490
0,8499
0,388
0,9131
0,7269
0,584
1,11300
1,3538
0,5112
0,5279
1,8632
1,8960
1,4822
1,10179
1,3470
0,7477
0,682
0,8296
0,2838
1,2666
0,5109
1,3478
0,9198
0,10880
1,363
1,11155
0,6959
0,10776
1,4824
0,7026
0,8222
1,6047
1,770
0,8371
0,7224
0,11324
1,269
0,6189
1,5233
0,11609
1,8879
0,3861
1,8385
0,11009
0,8351
1,10216
0,10722
0,2809
1,9859
1,10024
0,10225
1,7226
1,7368
1,6934
1,3103
1,903
1,6511
0,4681
0,8989
1,3309
0,7759
1,1432
0,12008
0,259
1,12269
0,8402
0,2079
0,8974
1,2505
0,2015
0,12416
0,3023
1,9788
0,5498
0,6330
1,5911
1,9572
1,1275
0,5726
0,5136
1,3918
1,3981
0,2619
0,4798
1,330
0,5143
1,6281
0,9112
1,5188
0,3201
1,6793
1,10724
1,3908
1,11550
0,1724
1,3395
1,6514
0,2731
1,3732
0,7779
0,187
0,6129
0,9074
0,3631
1,3569
0,8038
0,10410
0,6942
1,6049
0,6417
0,8495
0,2797
1,11048
0,11289
0,3880
1,371
0,2799
0,7501
1,3572
0,10345
0,11185
1,3991
1,1166
0,6209
0,8911
1,7964
1,3293
1,12329
1,10782
0,4137
1,11882
1,4
1,8486
1,381
0,6875
1,6754
0,444
1,5602
0,7508
0,5725
0,12217
1,419
0,2687
1,3954
0,10706
0,7101
0,6474
0,7394
0,8166
1,2529
1,10300
1,9011
1,9170
0,3553
1,8316
0,6643
1,8564
0,2312
1,8842
0,10586
0,7205
0,10926
1,10350
1,8628
1,3076
1,10963
1,1810
1,1726
0,8880
1,6936
1,12098
0,9064
1,11248
0,11702
0,9542
0,8669
0,410
1,608
0,9418
0,2026
0,4744
0,1228
1,4667
1,199
1,11593
1,5022
0,5265
0,11846
1,5649
0,6195
1,2768
0,6412
1,6536
1,9427
0,2323
1,11422
1,10954
0,10921
0,10989
0,999
1,2855
1,9287
0,1918
1,7518
1,182
1,12362
1,10505
0,3912
1,11717
0,1967
1,6779
1,4492
0,84
1,559
1,5375
0,4956
1,2285
0,6288
0,407
0,6860
0,7840
0,9773
1,7708
1,4434
0,2443
0,2785
0,1868
0,2965
0,6314
0,7703
0,10743
1,3968
0,6029
0,544
0,3565
1,2378
0,11588
1,9866
0,977
1,5390
0,8844
1,1045
1,11759
0,6329
0,2324
1,307
0,12089
0,1043
1,6242
0,2500
0,5137
0,8623
0,2151
1,1693
1,11290
1,2971
0,7773
0,5939
1,4491
1,7083
0,12239
1,882
0,1
1,2054
1,461
0,5861
0,7651
1,2300
1,6117
1,6455
1,3507
0,3236
1,6722
0,316
0,3764
0,9267
0,5557
0,11924
0,11808
0,1132
1,333
0,8468
1,10787
0,1371
1,797
0,8698
1,2334
0,1695
0,3393
1,10703
0,11722
0,3791
0,8015
0,4014
1,1917
1,5107
1,944
0,1532
0,3711
0,5152
0,2703
1,2319
0,10311
1,11029
1,5241
0,4454
0,2917
1,8254
0,9735
0,7184
1,8206
0,6135
0,10050
0,7749
1,1637
0,6179
0,6825
1,1872
1,11182
0,12445
0,8151
0,7604
1,5680
1,1147
0,10336
0,2886
0,7216
0,6713
1,4161
0,11165
1,11308
1,10165
0,5993
1,6792
0,35
0,7140
0,2539
1,10321
1,3291
1,1560
0,10997
0,6617
0,10608
1,10063
0,3011
0,2287
1,5651
1,9955
1,10580
1,3016
1,7881
1,7625
1,10078
1,57
1,9539
0,3246
1,5617
0,7356
0,10411
0,11830
1,10261
0,2195
0,11903
1,4145
0,4996
0,4696
0,11192
0,5269
0,7109
1,4426
0,11571
0,995
1,7572
1,2102
0,7405
1,7853
0,6739
0,12455
0,6958
0,6717
0,824
1,1289
1,2444
0,1036
1,1859
1,10186
0,7174
0,10956
0,5077
0,5186
0,11353
0,10431
1,9230
0,354
0,10314
0,12081
1,5174
0,7722
0,10054
0,1212
1,2824
0,4578
0,7203
1,1210
1,9133
0,8685
1,916
1,5033
1,9479
0,8268
0,3847
1,11886
1,7484
0,9457
1,4522
0,4075
0,11330
0,1958
0,7035
1,12175
0,8375
0,5032
1,10676
0,5920
0,11916
1,6248
1,5495
0,7014
0,7270
1,6675
1,1984
1,6091
0,3590
1,10929
0,9545
0,10052
0,11382
1,8610
0,3100
1,11510
0,6490
1,3214
1,5485
1,11533
0,9393
0,1065
1,7153
0,126
1,4478
1,3057
1,4797
1,10011
0,9650
0,4306
0,9853
1,11335
0,9951
1,9997
0,8167
0,6537
0,787
1,11286
0,1999
1,8434
1,2484
0,5009
1,9941
1,8970
1,11776
1,12026
1,2474
1,2560
1,7252
1,8228
0,5474
1,1457
0,5819
1,5376
0,6146
0,1517
0,414
0,4277
0,8188
0,5763
0,12148
0,7513
0,9030
1,5242
1,10458
0,10280
0,9163
0,10334
0,2759
1,3914
0,272
0,4169
1,750
1,7975
1,7189
0,2608
0,8363
1,11095
1,8959
0,9877
1,6802
0,11672
1,11337
0,11653
1,4698
0,1060
0,4918
0,2454
1,744
0,9781
0,8572
0,7019
1,8648
0,8210
0,5055
0,6747
0,1548
0,7478
1,1342
1,1136
0,10062
0,6639
0,4105
0,6584
1,12332
0,7972
0,8064
1,8395
0,3199
1,1686
1,2990
1,4782
1,7502
0,9132
0,5830
0,86
0,2061
1,3410
0,10391
0,6766
1,9275
1,2398
0,5401
0,8446
1,4924
0,7289
0,4703
1,11449
0,8473
0,1229
0,1900
1,7352
0,2153
0,2392
0,7921
0,10168
1,9334
0,7380
1,9357
1,10190
1,3761
0,8546
0,11161
0,11476
1,282
0,11237
0,6296
0,8900
1,2988
0,2449
0,1263
0,10749
1,6895
0,7050
1,12348
1,7390
0,5814
1,4071
1,531
1,4024
1,10587
0,7527
0,6794
0,3008
0,6562
0,8639
0,1547
0,3472
0,2849
0,756
0,7369
0,1804
0,571
0,11375
0,961
1,6953
0,5907
0,5800
0,308
1,8683
0,10960
0,8502
1,12055
1,7658
0,9693
1,12472
0,4284
0,5996
1,12476
0,11938
1,7168
1,5443
0,4740
0,4900
0,1118
1,85
1,853
0,667
1,480
0,11059
0,6121
0,7739
1,5089
0,11858
0,10726
0,1485
1,6321
0,11745
1,3245
1,11089
0,1133
0,10392
1,10039
1,5060
0,2277
1,11281
1,11079
0,1341
0,2286
1,7131
1,11814
1,6858
0,879
1,6868
1,3550
1,11895
1,7534
1,8651
0,4093
1,1762
0,1592
1,11437
0,3195
1,8305
1,83
1,10029
0,6634
1,10659
1,88
0,10878
0,2764
0,4697
0,6239
0,4364
0,1784
1,358
0,12034
1,5271
1,4026
1,816
0,7805
0,1721
0,6033
0,5535
0,7762
1,8205
0,2708
1,8051
0,12415
0,9562
0,588
0,771
1,9416
0,2076
0,3134
1,3945
0,5702
0,10285
1,3917
0,611
1,3468
0,5526
1,7738
0,11355
1,1327
1,7002
1,3522
0,10950
1,8088
1,1389
0,10521
0,11076
0,3168
0,12221
1,3547
0,12205
1,3229
1,9177
1,768
1,11575
0,10923
0,1266
1,9714
0,6851
0,8738
1,6389
0,4916
0,8036
1,1564
0,10637
1,3052
0,8002
1,5449
0,3865
0,2118
0,7802
1,9657
0,12276
1,9139
1,5273
1,2086
1,2136
1,9354
0,38
0,4201
0,6369
1,11356
0,3186
0,2172
0,454
1,5494
1,7554
1,9992
1,7660
1,8164
1,11642
0,2734
0,655
0,2047
1,10857
0,9730
0,9810
0,9881
0,3473
0,11930
1,9940
0,7160
0,9780
0,8810
0,2780
1,9375
0,4448
0,10376
0,1535
1,1915
1,900
1,7412
1,2175
0,6291
0,9037
0,468
0,1330
0,6644
1,12054
1,794
1,635
0,10781
0,11190
1,2142
0,10061
0,4353
0,6071
0,4246
1,3789
0,2423
1,6447
0,10555
0,10513
0,7825
1,9849
1,7328
0,1972
1,2758
0,3863
0,5510
1,766
0,2901
0,2983
1,8049
0,11631
1,3511
0,445
1,12090
0,4052
1,9858
0,5164
0,11768
1,1541
0,9124
0,599
1,10269
0,9129
0,5799
1,10243
0,7852
0,4185
0,9407
1,9433
1,435
0,12424
0,7970
0,2985
0,8914
0,9332
0,2288
0,6345
0,10761
0,440
1,2041
1,6012
1,3996
1,6026
0,9913
1,4067
1,8018
1,5531
0,6364
1,11148
0,12384
1,10306
0,10691
1,5691
0,8530
1,10242
0,8490
0,5038
1,8857
1,8693
0,4800
0,520
0,10817
1,12052
1,6046
0,988
1,10932
1,4984
0,3657
0,5205
1,8310
1,1284
1,277
1,8424
1,12315
0,362
1,6525
0,3876
1,12233
0,108
1,9066
1,3120
0,9215
1,9402
1,11713
0,10800
1,2904
0,8928
0,4830
1,12279
0,3188
1,945
1,1531
0,3768
1,11143
0,7865
0,3826
1,9401
1,7537
0,6124
0,627
0,5373
1,6928
0,3725
0,1111
0,5882
1,3409
1,3363
1,8014
1,1218
0,12495
0,9904
1,11468
0,7325
0,5212
0,11022
0,4087
0,5287
1,11787
0,1648
1,5739
1,3741
1,5442
1,1223
0,2742
1,11051
0,9529
0,3492
0,8105
0,9183
0,7171
0,5912
1,3579
1,10769
1,2791
1,8058
1,4747
0,145
0,11026
1,1829
0,2717
0,1178
1,3074
0,8437
1,3217
0,8760
1,3149
1,4520
0,2941
0,4934
0,3759
0,8940
1,1865
0,9127
1,9102
0,6133
0,1061
1,4787
1,158
1,1235
0,2100
1,1197
1,9101
0,10949
1,2316
0,10943
0,9172
0,4967
1,12002
1,12179
1,10578
0,4168
1,1000
0,4655
0,11315
0,8435
1,6230
0,3844
0,1505
0,11307
1,5735
0,4162
0,1320
1,3069
1,11818
0,8894
0,4351
1,7635
0,7561
1,5487
1,6843
0,2089
1,11224
0,9181
0,966
0,6552
1,10595
1,7410
0,3832
0,1100
0,7041
1,10221
1,11552
1,6876
0,3520
1,3224
0,3121
1,4748
0,9300
1,5506
0,1112
0,11532
1,6478
1,5923
0,5753
1,11157
0,3127
0,1585
1,8285
1,12499
1,12486
1,5881
0,7063
0,2513
0,2922
0,1440
1,377
1,7143
0,11011
1,4689
0,6132
0,12442
1,9157
1,326
1,9143
0,1362
1,12420
0,10343
0,12085
1,345
1,12206
0,10778
0,9240
0,12317
0,9975
1,1365
0,2772
0,3922
1,1360
0,2012
1,1948
1,7833
0,10721
1,5421
1,1744
0,687
1,2276
0,6451
0,11489
0,1233
1,5045
1,8767
0,8635
0,8726
1,2606
1,3487
0,6988
1,1446
0,7165
0,2525
0,10129
0,10700
0,3098
0,9182
1,9675
0,6222
1,4617
0,12266
0,9412
1,6709
0,4184
0,458
0,11166
0,7
0,2164
1,5944
1,3598
0,6470
0,5717
0,5051
1,4043
1,10612
0,11373
1,3715
1,10588
0,2874
1,11986
0,2048
1,10445
0,10560
0,5497
0,11116
0,10018
0,8477
0,8607
1,11603
1,9598
0,6020
0,11996
0,5563
0,2307
0,4059
1,12488
0,9654
0,1754
0,10198
0,7697
0,9591
0,2951
0,7557
0,3346
1,2256
0,2653
1,2678
1,4772
0,179
0,11762
0,10049
0,11087
1,2177
1,10816
0,9425
0,12402
1,5629
1,9231
0,1433
0,4528
1,1881
0,6300
1,3608
0,2421
0,11769
1,1059
0,4163
1,5524
1,9624
1,1938
0,6475
1,8715
0,7904
0,1406
0,5183
0,12292
0,3109
1,5358
1,4036
1,10022
1,7316
1,7639
1,3292
1,11471
0,5545
1,1195
0,10131
0,919
1,12342
0,8262
1,5551
1,10449
0,1830
1,9756
0,10089
1,11265
0,12046
0,9732
0,3475
0,4658
1,4745
0,9762
1,7764
0,4276
1,9789
1,11149
0,10377
1,9921
0,8328
0,10716
0,9389
1,11681
0,3963
1,1428
1,3331
1,11319
0,12372
1,73
0,2181
1,7247
0,4212
0,5663
1,2697
1,2094
0,6064
0,6348
0,4034
1,8869
1,2919
1,1990
0,9901
0,3318
1,10444
0,3786
0,12236
0,4148
1,1928
1,7945
0,8016
0,12309
0,4085
1,11488
0,3406
0,4423
1,4311
0,5012
0,10655
0,5452
0,4759
1,6128
0,6517
1,9847
0,4111
0,942
1,4082
1,12493
0,10852
1,4551
0,5668
0,4376
0,5023
1,9531
0,6519
0,5548
0,9299
1,6854
1,11092
1,7281
0,11773
0,1274
0,12067
0,504
1,7248
0,12244
1,668
1,11098
0,11122
1,12435
0,208
1,6061
0,8372
1,1241
0,3465
0,3672
0,4977
0,8524
0,10805
1,3111
1,2487
1,7732
0,4010
1,3133
0,3920
0,1088
0,7585
0,9422
0,4739
1,6912
0,9909
1,2209
1,12376
0,7689
0,2746
0,7612
0,8956
0,8650
1,9618
1,2661
0,3316
0,640
0,2424
0,2429
1,2431
0,5223
1,4322
0,1185
0,8290
0,3381
1,12459
1,4840
0,4016
1,10661
1,11761
0,7429
0,1510
1,3610
1,4261
0,3938
0,4534
1,11380
1,9244
0,4326
0,11739
1,1937
0,1258
1,400
1,4125
0,153
0,6021
1,10644
0,4086
0,4368
1,8095
1,12009
1,1094
0,7917
0,3728
0,12093
1,235
1,3038
0,10035
0,7278
0,7819
0,10870
1,31
1,8811
0,12356
1,10317
1,6332
1,11346
0,4372
0,11301
0,1380
1,7664
1,9366
0,4103
1,12365
0,10992
0,5181
0,9506
1,5175
0,11389
1,5515
0,5240
0,2729
0,8048
1,3209
1,6176
1,4669
1,8117
0,9018
0,1438
0,6471
0,11919
1,6394
0,9520
0,6702
1,11294
0,10074
0,12343
0,1422
0,5168
0,12103
0,10115
0,546
0,8785
0,2127
1,8645
0,5103
0,10557
0,11403
0,9711
0,4806
1,9751
0,11786
1,2333
1,10504
0,8606
1,8322
1,1358
0,9930
0,1168
0,1557
1,11749
1,356
0,7474
0,4842
1,4535
0,9293
1,6306
1,12463
1,2515
1,10041
1,9996
0,9938
0,7714
0,3614
0,6682
1,5357
1,2138
1,3466
0,11557
1,2950
0,3683
0,1593
0,1473
1,10403
0,11538
0,3941
0,2004
0,7225
0,5365
0,8951
1,7927
0,7624
0,6522
1,8557
0,9846
0,11171
1,6635
0,8840
0,162
0,6174
0,10077
0,7576
0,4332
0,1729
1,4110
0,7320
0,6563
1,4566
0,10524
1,6938
1,6763
1,4370
1,9889
1,10739
0,10942
0,8949
1,12371
1,1911
0,1031
1,8355
0,6888
0,759
1,9281
0,10605
1,6816
0,7744
0,10303
0,1142
0,10868
0,7729
0,7605
0,1262
0,10908
0,3936
1,528
0,3748
0,8820
0,2753
0,8365
1,10247
0,6614
1,5003
1,1287
0,8295
1,6997
0,7930
1,6608
0,12004
1,11027
0,12308
0,10935
0,5438
1,1481
1,8829
1,11145
1,7564
1,6163
0,3376
0,9056
0,11144
0,8044
1,2939
0,7656
1,12208
1,5776
1,8291
0,3370
0,11524
1,4116
0,4096
1,11062
1,3574
1,2982
1,6340
1,1332
1,11902
1,3469
1,7118
0,6003
1,5755
0,2991
1,590
0,5954
1,1997
0,6576
0,3467
0,7452
0,6170
0,11698
0,11976
0,6528
0,9595
1,7923
1,2450
0,877
1,3015
0,5141
0,3998
1,1949
1,12023
1,10101
0,12374
1,11450
1,8800
0,6213
1,12377
1,10197
1,8543
1,9222
0,1253
0,4348
1,676
0,9763
1,3562
0,994
1,4170
1,4962
0,5652
0,12025
1,5603
1,6312
0,2630
0,4022
1,2998
0,4317
1,3760
1,6493
1,2345
1,8579
0,5245
0,3439
0,10530
0,4699
0,1750
1,2467
0,8930
0,1815
0,8644
0,10803
1,846
0,3626
0,7893
0,11379
0,3509
1,9706
1,3642
0,2851
0,2595
1,9480
0,5354
1,9614
1,2813
1,11992
1,4330
0,1496
1,4174
0,4310
0,8046
0,7614
0,10040
1,8740
0,12419
0,3821
0,10917
0,12345
1,10385
0,3087
0,6897
1,2459
1,2204
0,8156
0,12252
0,7337
1,7493
0,54
0,5196
1,6631
1,7053
1,11838
0,11118
1,12010
1,9148
0,402
0,6837
0,1152
0,9092
1,3158
0,7770
1,3987
0,6037
1,2671
1,8670
0,11288
0,2693
0,1199
1,11020
0,133
0,4359
1,11107
0,8209
1,1384
0,2290
1,3226
0,4829
1,11585
1,5733
0,1477
1,5046
0,10802
1,8281
1,10540
1,12385
0,9043
0,10406
0,10971
0,4732
1,8968
1,4784
0,11234
1,9038
1,9695
0,6303
0,4982
0,11548
0,2317
1,5740
0,6308
0,4610
0,4005
0,931
0,4050
1,4406
0,12496
1,3441
0,7351
0,1167
0,10292
1,10537
0,991
0,9318
0,96
0,1578
0,6827
0,6605
0,3905
0,8390
1,7839
0,8026
1,10831
0,6908
1,4135
1,9323
0,7312
0,10576
0,5598
0,7424
1,2295
0,5707
0,8681
1,2219
0,12129
0,1187
1,3613
0,7039
0,5543
1,2046
1,918
0,10772
1,7946
1,1781
0,9034
0,11632
1,11922
1,7336
0,1101
0,799
0,12031
0,6002
0,2585
0,323
0,10753
0,6112
1,4825
0,11926
1,1761
0,11685
1,7523
0,4981
0,10389
0,10299
0,5761
1,7446
1,11940
0,5133
0,4910
0,1960
0,4445
0,7792
1,9973
0,5099
0,7991
0,2564
0,3660
1,5774
0,1276
0,2980
1,708
0,7313
0,554
1,5130
1,3459
1,1742
1,6665
0,117
0,11407
1,8863
0,7742
1,5508
1,7783
0,859
0,2112
1,4303
0,10192
1,2624
0,12405
0,5458
0,9688
1,3059
0,11409
0,2282
1,7934
1,5468
1,7834
0,3766
1,10492
0,5674
1,6898
1,5893
1,3813
0,2840
1,10172
0,11701
0,10079
1,9105
0,7022
0,3360
1,5501
1,2372
0,6422
1,4264
0,10507
0,5476
0,8243
0,19
0,5342
1,7680
0,8887
1,4897
0,4569
0,6205
0,318
1,10979
0,8074
0,5998
0,11127
1,5706
0,6298
1,4006
1,332
0,7023
0,9292
0,10235
1,11690
1,11112
1,6482
0,3566
1,5642
0,5849
0,8454
0,3731
0,3271
0,7464
0,8934
0,6694
1,7649
0,9963
0,8981
0,927
0,8786
1,9647
0,7211
1,6790
0,6435
1,10770
0,6100
0,6924
1,3359
0,2415
0,7362
1,8414
1,10339
0,1190
1,12303
0,11869
0,698
0,8990
0,8168
